-- --------------------------------------------------------
-- Host:                         192.168.1.42
-- Server version:               12.3.2-MariaDB-ubu2404 - mariadb.org binary distribution
-- Server OS:                    debian-linux-gnu
-- HeidiSQL Version:             12.8.0.6908
-- --------------------------------------------------------

/*!40101 SET @OLD_CHARACTER_SET_CLIENT=@@CHARACTER_SET_CLIENT */;
/*!40101 SET NAMES utf8 */;
/*!50503 SET NAMES utf8mb4 */;
/*!40103 SET @OLD_TIME_ZONE=@@TIME_ZONE */;
/*!40103 SET TIME_ZONE='+00:00' */;
/*!40014 SET @OLD_FOREIGN_KEY_CHECKS=@@FOREIGN_KEY_CHECKS, FOREIGN_KEY_CHECKS=0 */;
/*!40101 SET @OLD_SQL_MODE=@@SQL_MODE, SQL_MODE='NO_AUTO_VALUE_ON_ZERO' */;
/*!40111 SET @OLD_SQL_NOTES=@@SQL_NOTES, SQL_NOTES=0 */;


-- Dumping database structure for simeckdb
CREATE DATABASE IF NOT EXISTS `simeckdb` /*!40100 DEFAULT CHARACTER SET utf8mb4 COLLATE utf8mb4_0900_ai_ci */;
USE `simeckdb`;

-- Dumping structure for table simeckdb.artistdocuments
CREATE TABLE IF NOT EXISTS `artistdocuments` (
  `owner` varchar(30) DEFAULT NULL,
  `uploadID` int(10) unsigned NOT NULL AUTO_INCREMENT,
  `filepath` varchar(200) DEFAULT NULL,
  `uploaded_by` varchar(20) DEFAULT NULL,
  `upload_time` datetime DEFAULT NULL,
  KEY `uploadID` (`uploadID`)
) ENGINE=InnoDB AUTO_INCREMENT=31 DEFAULT CHARSET=utf8mb4 COLLATE=utf8mb4_0900_ai_ci;

-- Dumping data for table simeckdb.artistdocuments: ~12 rows (approximately)
INSERT IGNORE INTO `artistdocuments` (`owner`, `uploadID`, `filepath`, `uploaded_by`, `upload_time`) VALUES
	('bmakara', 13, '/files/Corporate/ArtistDocuments/Makara, Blue/blue-makara-2023-1099-misc.pdf', 'rsimon', '2026-05-24 22:29:41'),
	('rsimon', 14, '/files/Corporate/ArtistDocuments/Simon, Randy/Randy 2023 K-1.pdf', 'rsimon', '2026-05-24 22:29:58'),
	('khobson', 15, '/files/Corporate/ArtistDocuments/Hobson, Kevin/kevin-hobson-2023-1099-misc.pdf', 'rsimon', '2026-05-24 22:30:28'),
	('cstull', 16, '/files/Corporate/ArtistDocuments/Stull, Crystal/crystal-stull-2023-1099-misc.pdf', 'rsimon', '2026-05-24 22:30:44'),
	('mrose', 17, '/files/Corporate/ArtistDocuments/Rose, Michael/2025-08-05 Profit Share Agreement.docx-signed.pdf', 'rsimon', '2026-05-24 22:34:57'),
	('khobson', 21, '/files/Corporate/ArtistDocuments/Hobson, Kevin/1099-misc-khobson-2015.pdf', 'rsimon', '2026-05-24 22:44:53'),
	('khobson', 22, '/files/Corporate/ArtistDocuments/Hobson, Kevin/2019 1099-MISC KH.pdf', 'rsimon', '2026-05-24 22:45:24'),
	('cmineck', 24, '/files/Corporate/ArtistDocuments/Mineck, Carl/K-1 Carl-2024.pdf', 'rsimon', '2026-05-24 22:48:46'),
	('rsimon', 25, '/files/Corporate/ArtistDocuments/Simon, Randy/K-1 Randy-2024.pdf', 'rsimon', '2026-05-24 22:48:47'),
	('rsimon', 26, '/files/Corporate/ArtistDocuments/Simon, Randy/Randy 2023 K-1.pdf', 'rsimon', '2026-05-24 22:49:03'),
	('cmineck', 27, '/files/Corporate/ArtistDocuments/Mineck, Carl/Carl K-1 2023.pdf', 'rsimon', '2026-05-24 22:49:10'),
	('aszczerba', 28, '/files/Corporate/ArtistDocuments/Szczerba, Aneta/Aneta-2020-1099.pdf', 'rsimon', '2026-05-24 22:51:27'),
	('rsimon', 29, '/files/Corporate/ArtistDocuments/Simon, Randy/Randy-K1-2020.pdf', 'rsimon', '2026-05-24 22:51:45'),
	('cmineck', 30, '/files/Corporate/ArtistDocuments/Mineck, Carl/carl-k1-2020.pdf', 'rsimon', '2026-05-24 22:51:54');

-- Dumping structure for table simeckdb.artists
CREATE TABLE IF NOT EXISTS `artists` (
  `username` varchar(50) DEFAULT NULL,
  `firstname` varchar(50) DEFAULT NULL,
  `lastname` varchar(50) DEFAULT NULL,
  `nickname` varchar(50) DEFAULT NULL,
  `password` varchar(500) NOT NULL DEFAULT '$2a$12$b71ierxJ8hDzzupwl48SG.vkbb6An4rjsXDyMflBUnEOD2Uaxr5Xy',
  `userID` int(10) unsigned NOT NULL AUTO_INCREMENT,
  `active` int(10) unsigned NOT NULL DEFAULT 1,
  `role` varchar(10) NOT NULL DEFAULT 'artist',
  `secondary_roles` varchar(100) NOT NULL DEFAULT '',
  `project_assignments` varchar(100) DEFAULT NULL,
  `theme` varchar(20) NOT NULL DEFAULT 'dark-boo',
  `timezone` varchar(40) NOT NULL DEFAULT 'UTC',
  `availability` varchar(120) NOT NULL DEFAULT '0|0|0|0|0|0|0',
  `availability_this_week` varchar(120) NOT NULL DEFAULT '0|0|0|0|0|0|0',
  `log_rows_per_page` int(11) NOT NULL DEFAULT 10,
  `phone_country_code` varchar(300) NOT NULL DEFAULT '+1',
  `phone_number` varchar(300) DEFAULT NULL,
  `receive_texts` int(10) unsigned NOT NULL DEFAULT 0,
  KEY `userID` (`userID`)
) ENGINE=InnoDB AUTO_INCREMENT=32 DEFAULT CHARSET=utf8mb4 COLLATE=utf8mb4_0900_ai_ci;

-- Dumping data for table simeckdb.artists: ~29 rows (approximately)
INSERT IGNORE INTO `artists` (`username`, `firstname`, `lastname`, `nickname`, `password`, `userID`, `active`, `role`, `secondary_roles`, `project_assignments`, `theme`, `timezone`, `availability`, `availability_this_week`, `log_rows_per_page`, `phone_country_code`, `phone_number`, `receive_texts`) VALUES
	('rsimon', 'Randy', 'Simon', '', '$2y$10$/FFOi6uaTXnLyIJVX15dMe/.8WpZ1MFod6Y/OmgFuYJPQALHYyh.2', 1, 1, 'admin', 'marketing,butters', 'P18,P19,P01,P00,C03,C01', 'spite-castle', 'America/Phoenix', '17179803648|206158430208|0|16374497280|223335088128|13958578176|16978477056', '0|206158430208|0|16374497280|223287902208|13958578176|16978477056', 10, 'fN6Cy4mc1n4RMt+RUnS5n2MQ8KR4B6ouGY2SmyY=', '1PcmHp2CEG4DNKbRRuJGOuve+lxugVcrP0EWWcExD9Uu1qocCR4=', 1),
	('cmineck', 'Carl', 'Mineck', NULL, '$2a$12$b71ierxJ8hDzzupwl48SG.vkbb6An4rjsXDyMflBUnEOD2Uaxr5Xy', 2, 1, 'admin', 'marketing', 'C01,C02,P19,P03', 'dark-boo', 'America/Chicago', '274861129728|70093866270720|70093866270720|70093866270720|70093866270720|70093866270720|0', '274861129728|70093866270720|70093866270720|70093866270720|70093866270720|70093866270720|0', 10, '+1', NULL, 0),
	('bmakara', 'Blue', 'Makara', NULL, '$2y$10$j03BBiVu2iRZH1oNuw.DRON4C3NfGRpk6URwXxEehgpAoJnTpS6O6', 3, 1, 'admin', 'marketing', 'C02,P18,P19,P03,C03', 'dark-boo', 'America/Detroit', '0|4398042316800|4398042316800|4398042316800|4398042316800|1099507433472|17178820608', '0|4398042316800|4398042316800|4398042316800|4398042316800|0|17178820608', 10, '+1', NULL, 0),
	('khobson', 'Kevin', 'Hobson', NULL, '$2a$12$b71ierxJ8hDzzupwl48SG.vkbb6An4rjsXDyMflBUnEOD2Uaxr5Xy', 4, 1, 'artist', '', 'P01,P19', 'dark-boo', 'UTC', '0|0|0|0|0|0|0', '0|0|0|0|0|0|0', 10, '+1', NULL, 0),
	('mrose', 'Michael', 'Rose', NULL, '$2y$10$uJw0UqTaEHjU9Yy9aJR2CuCq5CfFoRBywISnNF0eEB2fJAQ2IZIl.', 5, 1, 'artist', '', ',P19,P18', 'spite-castle', 'America/New_York', '0|828927639552|828927639552|828927639552|828927639552|828927639552|0', '0|828927639552|828927639552|828927639552|828927639552|828927639552|0', 10, '+1', NULL, 0),
	('aszczerba', 'Aneta', 'Szczerba', NULL, '$2a$12$b71ierxJ8hDzzupwl48SG.vkbb6An4rjsXDyMflBUnEOD2Uaxr5Xy', 6, 1, 'artist', '', ',P19', 'dark-boo', 'UTC', '0|0|0|0|0|0|0', '0|0|0|0|0|0|0', 10, '+1', NULL, 0),
	('cstull', 'Crystal', 'Stull', NULL, '$2a$12$b71ierxJ8hDzzupwl48SG.vkbb6An4rjsXDyMflBUnEOD2Uaxr5Xy', 7, 1, 'artist', '', ',P18', 'dark-boo', 'UTC', '0|0|0|0|0|0|0', '0|0|0|0|0|0|0', 10, '+1', NULL, 0),
	('dgoren', 'Dax', 'Goren', NULL, '$2a$12$b71ierxJ8hDzzupwl48SG.vkbb6An4rjsXDyMflBUnEOD2Uaxr5Xy', 8, 1, 'artist', '', ',P18', 'dark-boo', 'UTC', '0|0|0|0|0|0|0', '0|0|0|0|0|0|0', 10, '+1', NULL, 0),
	('sstein', 'Sabrina', 'Stein', NULL, '$2a$12$b71ierxJ8hDzzupwl48SG.vkbb6An4rjsXDyMflBUnEOD2Uaxr5Xy', 9, 1, 'artist', '', ',P18,P19', 'dark-boo', 'UTC', '0|0|0|0|0|0|0', '0|0|0|0|0|0|0', 10, '+1', NULL, 0),
	('jmartin', 'Jano', 'Martin', NULL, '$2y$10$Bug1C7LDg.1YyQJOvG.88.uDFETI3JfVR9fLYSC0vFCQ4mtE9iECy', 10, 1, 'artist', '', ',P18', 'dark-boo', 'America/Argentina/Buenos_Aires', '0|281474959933440|4398029733888|4398029733888|281474959933440|4398029733888|0', '0|281474959933440|4398029733888|4398029733888|281474959933440|4398029733888|0', 10, '+1', NULL, 0),
	('saikak', 'Kisami', 'Saika', 'Kisami', '$2a$12$b71ierxJ8hDzzupwl48SG.vkbb6An4rjsXDyMflBUnEOD2Uaxr5Xy', 11, 1, 'artist', '', ',P18', 'fat-butters', 'UTC', '0|0|0|0|0|0|0', '0|0|0|0|0|0|0', 10, '+1', NULL, 0),
	('mfeng', 'Michael', 'Feng', NULL, '$2a$12$b71ierxJ8hDzzupwl48SG.vkbb6An4rjsXDyMflBUnEOD2Uaxr5Xy', 12, 1, 'artist', '', ',P18', 'fat-butters', 'UTC', '0|0|0|0|0|0|0', '0|0|0|0|0|0|0', 10, '+1', NULL, 0),
	('wgordon', 'Willie', 'Gordon', NULL, '$2y$10$FTXxi4kzqvnOYG6Qz5WgF..OLB7kiae2fHNPD0wrHpm5D0UiILm6C', 13, 1, 'artist', 'marketing', ',C02', 'dark-boo', 'America/Detroit', '281406257250303|281406257250303|281406257250303|281406257250303|281406257250303|281406257250303|281406257250303', '281406257250303|281406257250303|281406257250303|281406257250303|281406257250303|281406257250303|281406257250303', 10, '+1', NULL, 0),
	('tcargle', 'TJ', 'Cargle', NULL, '$2y$10$mRaqswrfOI6ZJlsG4MGdyuwgylFl16xbiJ7jpv8rtscJGWvd7YUg.', 14, 1, 'artist', '', ',P18', 'spite-castle', 'America/New_York', '4329327034368|4329327034368|4329327034368|4329327034368|4329327034368|4329327034368|4329327034368', '4329327034368|4329327034368|4329327034368|4329327034368|4329327034368|4329327034368|4329327034368', 10, '+1', NULL, 0),
	('dpoling', 'Drake', 'Poling', NULL, '$2y$10$bgiB6WQfN2KK6XyECm.zE.XmvdwPTDTUqanh7IOp5cCf2jlkW9kGC', 15, 1, 'artist', '', ',P18', 'spite-castle', 'America/Los_Angeles', '0|3932160|3932160|3932160|3932160|3932160|0', '0|3932160|3932160|3932160|3932160|3932160|0', 10, '+1', NULL, 0),
	('tgonzalez', 'Tifany', 'Gonzalez', NULL, '$2y$10$IdNMR6fTneeHJ4NDZoty5uOdR67DPgfAwW6uNZkywl.KpWgRZOwd2', 16, 1, 'artist', '', ',P18,P19', 'dark-boo', 'UTC', '0|0|0|0|0|0|0', '0|0|0|0|0|0|0', 10, '+1', NULL, 0),
	('awright', 'Alex', 'Wright', NULL, '$2a$12$b71ierxJ8hDzzupwl48SG.vkbb6An4rjsXDyMflBUnEOD2Uaxr5Xy', 17, 1, 'artist', '', ',P19', 'dark-boo', 'UTC', '0|0|0|0|0|0|0', '0|0|0|0|0|0|0', 10, '+1', NULL, 0),
	('hrivera', 'Hannah', 'Rivera', NULL, '$2a$12$b71ierxJ8hDzzupwl48SG.vkbb6An4rjsXDyMflBUnEOD2Uaxr5Xy', 18, 1, 'artist', '', ',P19,P18', 'dark-boo', 'UTC', '0|0|0|0|0|0|0', '0|0|0|0|0|0|0', 10, '+1', NULL, 0),
	('malihasan', 'Moe', 'Alihasan', NULL, '$2a$12$b71ierxJ8hDzzupwl48SG.vkbb6An4rjsXDyMflBUnEOD2Uaxr5Xy', 20, 1, 'artist', 'marketing', ',P19,P18,C01', 'dark-boo', 'UTC', '0|0|0|0|0|0|0', '0|0|0|0|0|0|0', 10, '+1', NULL, 0),
	('hmehana', 'Hatem', 'Mehana', NULL, '$2a$12$b71ierxJ8hDzzupwl48SG.vkbb6An4rjsXDyMflBUnEOD2Uaxr5Xy', 21, 1, 'artist', '', ',P18', 'dark-boo', 'Africa/Cairo', '0|0|0|0|0|0|0', '0|0|0|0|0|0|0', 10, '+1', NULL, 0),
	('kvega', 'Kyle', 'Vega', NULL, '$2a$12$b71ierxJ8hDzzupwl48SG.vkbb6An4rjsXDyMflBUnEOD2Uaxr5Xy', 22, 1, 'artist', 'marketing', ',P19,P18', 'dark-boo', 'UTC', '0|0|0|0|0|0|0', '0|0|0|0|0|0|0', 10, '+1', NULL, 0),
	('bwilliams', 'Ben', 'Williams', NULL, '$2a$12$b71ierxJ8hDzzupwl48SG.vkbb6An4rjsXDyMflBUnEOD2Uaxr5Xy', 23, 1, 'artist', '', ',P19', 'dark-boo', 'UTC', '0|0|0|0|0|0|0', '0|0|0|0|0|0|0', 10, '+1', NULL, 0),
	('cwissink', 'Charanda', 'Wissink', 'Rey Ariosto', '$2y$10$lE8fmIu2j9azVGHGlMyE2u2xpSlL9FdmRTPbqg8gdVjr.mVHu287.', 25, 1, 'artist', '', NULL, 'dark-boo', 'Europe/Berlin', '137387573248|137387573248|137387573248|137387573248|137387573248|0|0', '137387573248|137387573248|137387573248|137387573248|137387573248|0|0', 10, '+1', NULL, 0),
	('msimon', 'Mandy', 'Simon', NULL, '$2a$12$b71ierxJ8hDzzupwl48SG.vkbb6An4rjsXDyMflBUnEOD2Uaxr5Xy', 26, 1, 'artist', '', ',C03', 'dark-boo', 'UTC', '0|0|0|0|0|0|0', '0|0|0|0|0|0|0', 10, '+1', NULL, 0),
	('dengland', 'Dottie', 'England', NULL, '$2y$10$RVSbiNA.PKrrFZuoU7ysUekYPjVQWw09VjVLs/JGcPVrPLkztyEgu', 27, 1, 'artist', '', ',P19', 'spite-castle', 'America/Detroit', '0|35183850946560|35184371040256|35184371040256|35184371040256|274876858368|0', '0|35183850946560|35184371040256|35184371040256|35184371040256|274876858368|0', 10, '+1', NULL, 0),
	('rszymanski', 'Ronald', 'Szymanski', NULL, '$2a$12$b71ierxJ8hDzzupwl48SG.vkbb6An4rjsXDyMflBUnEOD2Uaxr5Xy', 28, 1, 'artist', '', ',P19', 'dark-boo', 'UTC', '0|0|0|0|0|0|0', '0|0|0|0|0|0|0', 10, '+1', NULL, 0),
	('nbenjamin', 'Nneka', 'Benjamin', NULL, '$2y$10$OS5LMha3FfUaQCjO4.C9huCgZMIaVFubAGmf/NbmEw/FLeg.Yz5mS', 29, 1, 'artist', '', NULL, 'spite-castle', 'America/Toronto', '281474439839744|0|281337537757184|0|281337537757184|281474439839744|281457796841472', '281474439839744|0|281337537757184|0|281337537757184|281474439839744|281457796841472', 10, '+1', NULL, 0),
	('apaulovic', 'Ava', 'Paulovic', NULL, '$2y$10$x8SpdXf0br5c9YSLKYM8zem2hy9QLkbAvtPFfZyP4/4ZSdiJQ.lm2', 30, 1, 'artist', '', ',P19,P18', 'dark-boo', 'America/New_York', '68307158827008|68444598566912|68444598566912|68444598566912|68444598566912|68444598566912|68307158827008', '68307158827008|68444598566912|68444598566912|68444598566912|0|0|0', 10, '+1', NULL, 0),
	('mkhan', 'Myra', 'Khan', 'Myra', '$2a$12$b71ierxJ8hDzzupwl48SG.vkbb6An4rjsXDyMflBUnEOD2Uaxr5Xy', 31, 1, 'artist', '', NULL, 'spite-castle', 'America/Chicago', '0|0|0|0|0|0|0', '0|0|0|0|0|0|0', 10, '+1', NULL, 0);

-- Dumping structure for table simeckdb.clientdocuments
CREATE TABLE IF NOT EXISTS `clientdocuments` (
  `owner` varchar(70) DEFAULT NULL,
  `uploadID` int(11) NOT NULL AUTO_INCREMENT,
  `filepath` varchar(200) DEFAULT NULL,
  `uploaded_by` varchar(20) DEFAULT NULL,
  `upload_time` datetime DEFAULT NULL,
  KEY `uploadID` (`uploadID`)
) ENGINE=InnoDB DEFAULT CHARSET=utf8mb4 COLLATE=utf8mb4_0900_ai_ci;

-- Dumping data for table simeckdb.clientdocuments: ~0 rows (approximately)

-- Dumping structure for table simeckdb.clients
CREATE TABLE IF NOT EXISTS `clients` (
  `username` varchar(70) DEFAULT NULL,
  `firstname` varchar(50) DEFAULT NULL,
  `lastname` varchar(50) DEFAULT NULL,
  `password` varchar(500) DEFAULT '$2a$12$ptYB7ciliHwMH7VtkyYu5.nUDVVqo.9rVBmxVB/PtRmkCAFH6Qipq',
  `project_assignments` varchar(100) DEFAULT NULL,
  `active` int(10) unsigned DEFAULT 1,
  `outstandingBalance` decimal(20,2) DEFAULT 0.00,
  `point_of_contact` varchar(20) DEFAULT NULL,
  `theme` varchar(20) DEFAULT 'dark-boo',
  `lock_overrides` int(11) DEFAULT 0,
  `timezone` varchar(40) DEFAULT 'UTC',
  `availability` varchar(120) DEFAULT '0|0|0|0|0|0|0',
  `phone_country_code` varchar(300) NOT NULL DEFAULT '+1',
  `phone_number` varchar(300) DEFAULT NULL,
  `receive_texts` int(11) unsigned NOT NULL DEFAULT 0
) ENGINE=InnoDB DEFAULT CHARSET=utf8mb4 COLLATE=utf8mb4_0900_ai_ci;

-- Dumping data for table simeckdb.clients: ~3 rows (approximately)
INSERT IGNORE INTO `clients` (`username`, `firstname`, `lastname`, `password`, `project_assignments`, `active`, `outstandingBalance`, `point_of_contact`, `theme`, `lock_overrides`, `timezone`, `availability`, `phone_country_code`, `phone_number`, `receive_texts`) VALUES
	('client', 'Client', 'McClientson', '$2a$12$rSzqF0RxkfAFejcj87Y3t.KtZvw5LygSKVaQ5/DHbn/p6MlvdYcoi', 'C01,C02', 1, 0.00, 'rsimon', 'dark-boo', 0, 'UTC', '0|0|0|0|0|0|0', 'RJoCAm8opBdfptoHja9XnIuUB4KsX1v2dMCFOmk=', '1PcmHp2CEG4DNKbRRuJGOuve+lxugVcrP0EWWcExD9Uu1qocCR4=', 1),
	('seansimonanimation@gmail.com', 'Randy', 'Simon', '$2a$12$ptYB7ciliHwMH7VtkyYu5.nUDVVqo.9rVBmxVB/PtRmkCAFH6Qipq', 'C01', 1, 0.00, 'rsimon', 'dark-boo', 0, 'UTC', '0|0|0|0|0|0|0', 'RJoCAm8opBdfptoHja9XnIuUB4KsX1v2dMCFOmk=', NULL, 0),
	('ddjjanel@yahoo.com', 'DJ', 'Vega', '$2a$12$ptYB7ciliHwMH7VtkyYu5.nUDVVqo.9rVBmxVB/PtRmkCAFH6Qipq', 'C03', 1, 0.00, 'rsimon', 'dark-boo', 0, 'UTC', '0|0|0|0|0|0|0', 'RJoCAm8opBdfptoHja9XnIuUB4KsX1v2dMCFOmk=', '1PcmHp2CEG4DNKbRRuJGOuve+lxugVcrP0EWWcExD9Uu1qocCR4=', 1);

-- Dumping structure for table simeckdb.daysoff
CREATE TABLE IF NOT EXISTS `daysoff` (
  `id` int(11) NOT NULL AUTO_INCREMENT,
  `username` varchar(50) NOT NULL,
  `date_off_start` date DEFAULT NULL,
  `date_off_end` date DEFAULT NULL,
  `start_time` time DEFAULT NULL,
  `end_time` time DEFAULT NULL,
  KEY `id` (`id`)
) ENGINE=InnoDB AUTO_INCREMENT=5 DEFAULT CHARSET=utf8mb4 COLLATE=utf8mb4_0900_ai_ci;

-- Dumping data for table simeckdb.daysoff: ~4 rows (approximately)
INSERT IGNORE INTO `daysoff` (`id`, `username`, `date_off_start`, `date_off_end`, `start_time`, `end_time`) VALUES
	(1, 'rsimon', '2026-06-09', NULL, NULL, NULL),
	(2, 'apaulovic', '2026-06-11', '2026-06-13', NULL, NULL),
	(3, 'apaulovic', '2026-06-11', '2026-06-13', NULL, NULL),
	(4, 'bmakara', '2026-06-12', NULL, NULL, NULL);

-- Dumping structure for table simeckdb.filecomments
CREATE TABLE IF NOT EXISTS `filecomments` (
  `owner` varchar(50) DEFAULT NULL,
  `comment_time` datetime DEFAULT NULL,
  `parent_file_url` varchar(300) DEFAULT NULL,
  `comment_order` int(11) DEFAULT NULL,
  `comment_content` longtext DEFAULT NULL
) ENGINE=InnoDB DEFAULT CHARSET=utf8mb4 COLLATE=utf8mb4_0900_ai_ci;

-- Dumping data for table simeckdb.filecomments: ~33 rows (approximately)
INSERT IGNORE INTO `filecomments` (`owner`, `comment_time`, `parent_file_url`, `comment_order`, `comment_content`) VALUES
	('rsimon', '2026-05-18 21:46:08', '/files/Projects/internal/P18_FatButtersJetpackRide/fatbutters', 1, 'This is the old repo. It\'s frozen as of October 2025 I think?'),
	('rsimon', '2026-05-19 01:06:04', '/files/Dropboxes/Simon%2C%20Randy/butters_transparent.png', 1, 'Test'),
	('rsimon', '2026-05-19 01:10:01', '/files/Dropboxes/Simon%2C%20Randy/butters_transparent.png', 2, 'Added a comment!'),
	('tcargle', '2026-05-19 01:12:57', '/files/Dropboxes/Simon%2C%20Randy/butters_transparent.png', 3, 'Good Boy'),
	('dpoling', '2026-05-19 01:14:48', '/files/Dropboxes/Simon%2C%20Randy/butters_transparent.png', 4, 'It\'s Butters!'),
	('cmineck', '2026-05-19 01:16:47', '/files/Dropboxes/Mineck, Carl/ollie%20the%20prodigy.musx', 1, 'whee comment'),
	('bwilliams', '2026-05-19 01:17:25', '/files/Dropboxes/Simon%2C%20Randy/butters_transparent.png', 5, 'According to all known laws of aviation, there is no way a bee should be able to fly. Its wings are too small to get its fat little body off the ground. The bee, of course, flies anyway because bees don\'t care what humans think is impossible. Yellow, black. Yellow, black. Yellow, black. Yellow, black. Ooh, black and yellow! Let\'s shake it up a little. Barry! Breakfast is ready! Coming! Hang on a second. Hello? - Barry? - Adam? - Can you believe this is happening? - I can\'t. I\'ll pick you up. Looking sharp. Use the stairs. Your father paid good money for those. Sorry. I\'m excited. Here\'s the graduate. We\'re very proud of you, son. A perfect report card, all B\'s. Very proud. Ma! I got a thing going here. - You got lint on your fuzz. - Ow! That\'s me! - Wave to us! We\'ll be in row 118,000. - Bye! Barry, I told you, stop flying in the house! - Hey, Adam. - Hey, Barry. - Is that fuzz gel? - A little. Special day, graduation. Never thought I\'d make it. Three days grade school, three days high school. Those were awkward. Three days college. I\'m glad I took a day and hitchhiked around the hive. You did come back different. - Hi, Barry. - Artie, growing a mustache? Looks good. - Hear about Frankie? - Yeah. - You going to the funeral? - No, I\'m not going. Everybody knows, sting someone, you die. Don\'t waste it on a squirrel. Such a hothead. I guess he could have just gotten out of the way. I love this incorporating an amusement park into our day. That\'s why we don\'t need vacations. Boy, quite a bit of pomp... under the circumstances. - Well, Adam, today we are men. - We are! - Bee-men. - Amen! Hallelujah! Students, faculty, distinguished bees, please welcome Dean Buzzwell. Welcome, New Hive City graduating class of... ...9:15. That concludes our ceremonies. And begins your career at Honex Industries! Will we pick our job today? I heard it\'s just orientation. Heads up! Here we go. Keep your hands and antennas inside the tram at all times. - Wonder what it\'ll be like? - A little scary. Welcome to Honex, a division of Honesco and a part of the Hexagon Group. This is it! Wow. Wow. We know that you, as a bee, have worked your whole life to get to the point where you can work for your whole life. Honey begins when our valiant Pollen Jocks bring the nectar to the hive. Our top-secret formula is automatically color-corrected, scent-adjusted and bubble-contoured into this soothing sweet syrup with its distinctive golden glow you know as... Honey! - That girl was hot. - She\'s my cousin! - She is? - Yes, we\'re all cousins. - Right. You\'re right. - At Honex, we constantly strive to improve every aspect of bee existence. These bees are stress-testing a new helmet technology. - What do you think he makes? - Not enough. Here we have our latest advancement, the Krelman. - What does that do? - Catches that little strand of honey that hangs after you pour it. Saves us millions. Can anyone work on the Krelman? Of course. Most bee jobs are small ones. But bees know that every small job, if it\'s done well, means a lot. But choose carefully because you\'ll stay in the job you pick for the rest of your life. The same job the rest of your life? I didn\'t know that. What\'s the difference? You\'ll be happy to know that bees, as a species, haven\'t had one day off in 27 million years. So you\'ll just work us to death? We\'ll sure try. Wow! That blew my mind! "What\'s the difference?" How can you say that? One job forever? That\'s an insane choice to have to make. I\'m relieved. Now we only have to make one decision in life. But, Adam, how could they never have told us that? Why would you question anything? We\'re bees. We\'re the most perfectly functioning society on Earth. You ever think maybe things work a little too well here? Like what? Give me one example. I don\'t know. But you know what I\'m talking about. Please clear the gate. Royal Nectar Force on approach. Wait a second. Check it out. - Hey, those are Pollen Jocks! - Wow. I\'ve never seen them this close. They know what it\'s like outside the hive. Yeah, but some don\'t come back. - Hey, Jocks! - Hi, Jocks! You guys did great! You\'re monsters! You\'re sky freaks! I love it! I love it! - I wonder where they were. - I don\'t know. Their day\'s not planned. Outside the hive, flying who knows where, doing who knows what. You can\'t just decide to be a Pollen Jock. You have to be bred for that. Right. Look. That\'s more pollen than you and I will see in a lifetime. It\'s just a status symbol. Bees make too much of it. Perhaps. Unless you\'re wearing it and the ladies see you wearing it.'),
	('mrose', '2026-05-19 01:18:33', '/files/Projects/internal/P19_Spite_Castle', 1, 'This is the sickest project let\'s be real yo'),
	('mrose', '2026-05-19 01:18:51', '/files/Projects/internal/P19_Spite_Castle', 2, 'There\'s ghosts! :D'),
	('rsimon', '2026-05-19 17:20:24', '/files/Dropboxes/Simon%2C%20Randy/butters_transparent.png', 6, 'Das a big comment ^^'),
	('rsimon', '2026-05-26 02:16:06', '/files/Projects/internal/P18_FatButtersJetpackRide', 1, 'This is a comment!'),
	('rsimon', '2026-05-27 18:04:12', '/files/Projects/clientProjects/C03_Vega_Fathers_Day_Print', 1, 'Hiya, DJ! I saw that you uploaded the photos that we talked about. There\'s actually one more set that I\'d like to see if that\'s OK. Do you have any pictures of you and Kyle from around 3-4 years old? That\'ll help me nail down a look for Raiden.'),
	('ddjjanel@yahoo.com', '2026-05-27 18:22:08', '/files/Projects/clientProjects/C03_Vega_Fathers_Day_Print', 2, 'Of course I do! Give me a few '),
	('rsimon', '2026-05-27 20:16:56', '/files/Projects/clientProjects/C03_Vega_Fathers_Day_Print', 3, 'I went ahead and added Mandy.'),
	('msimon', '2026-05-27 20:19:46', '/files/Projects/clientProjects/C03_Vega_Fathers_Day_Print', 4, 'Hey DJ, I added a picture of Garfina that AZ Humane had '),
	('rsimon', '2026-05-27 23:40:57', '/files/Projects/clientProjects/C03_Vega_Fathers_Day_Print', 4, 'I added a picture of Butters to test out our file lock system. Apologies for any confusion.'),
	('ddjjanel@yahoo.com', '2026-05-28 03:11:08', '/files/Projects/clientProjects/C03_Vega_Fathers_Day_Print', 5, 'Woooo thank you.  These are the only pics I have of us when little. Especially Kyle. His mom sent me all she had. I asked V to get some pics but knowing her she’ll take forever. Lol'),
	('ddjjanel@yahoo.com', '2026-05-28 04:42:37', '/files/Projects/clientProjects/C03_Vega_Fathers_Day_Print', 6, 'No worries. Thank you to the both of you! Trying to keep this quiet and away from hubby has been hard. He just left to work.  Mandy! That pic is too cute! Thank you. '),
	('rsimon', '2026-05-28 18:09:40', '/files/Projects/clientProjects/C03_Vega_Fathers_Day_Print/clientUpload/reference/IMG_0273.jpeg', 1, 'I am using this pic as the basis for Raiden.'),
	('rsimon', '2026-05-28 18:10:40', '/files/Projects/clientProjects/C03_Vega_Fathers_Day_Print/clientUpload/reference/IMG_2687.jpeg', 1, 'This pic is my basis for AJ.'),
	('rsimon', '2026-05-29 18:04:46', '/files/Projects/clientProjects/C01_Set_Sail', 1, 'This comment was set through elFinder!'),
	('rsimon', '2026-05-29 18:06:19', '/files/Projects/clientProjects/C01_Set_Sail', 2, 'This comment was set through the project management page!'),
	('rsimon', '2026-05-29 22:04:18', '/files/Projects/clientProjects/C03_Vega_Fathers_Day_Print/clientUpload/progress/IMG_20260529_105742137_HDR.jpg', 1, 'Here is the first draft of the drawing.'),
	('ddjjanel@yahoo.com', '2026-05-31 05:42:10', '/files/Projects/clientProjects/C03_Vega_Fathers_Day_Print', 7, 'Looks awesome :) '),
	('rsimon', '2026-06-11 21:26:35', '/files/Projects/clientProjects/C03_Vega_Fathers_Day_Print/clientUpload/progress/vega_family-portrait-v3.png', 1, 'This is the linework update.'),
	('ddjjanel@yahoo.com', '2026-06-12 01:32:05', '/files/Projects/clientProjects/C03_Vega_Fathers_Day_Print', 8, 'It looks amazing! I can’t draw for my life. lol. '),
	('rsimon', '2026-06-12 18:56:13', '/files/Projects/clientProjects/C03_Vega_Fathers_Day_Print', 9, 'Haha I\'m glad to hear that. I\'ve got one more linework pass to do, and then we can lock the linework.'),
	('rsimon', '2026-06-18 19:05:59', '/files/Projects/clientProjects/C03_Vega_Fathers_Day_Print/clientUpload/progress/vega_family-portrait-v4.png', 1, 'Locked Linework'),
	('rsimon', '2026-06-19 01:12:06', '/files/Projects/clientProjects/C03_Vega_Fathers_Day_Print/clientUpload/progress/vega_family-portrait-v7.png', 1, 'This is the file I was trying to send you the notification about.'),
	('rsimon', '2026-06-19 21:22:13', '/files/Projects/clientProjects/C03_Vega_Fathers_Day_Print/clientUpload/progress/vega_family-portrait-v9.png', 1, 'Here is a pre-lock color proof. There are still a few tweaks I want to make but it&#039;s mostly there.'),
	('ddjjanel@yahoo.com', '2026-06-19 22:23:29', '/files/Projects/clientProjects/C03_Vega_Fathers_Day_Print/clientUpload/progress/vega_family-portrait-v9.png', 2, 'ITS BEAUTIFUL!!! Checking on the computers at work, since he is always home.. hehe'),
	('ddjjanel@yahoo.com', '2026-06-19 22:23:29', '/files/Projects/clientProjects/C03_Vega_Fathers_Day_Print/clientUpload/progress/vega_family-portrait-v9.png', 3, 'ITS BEAUTIFUL!!! Checking on the computers at work, since he is always home.. hehe'),
	('ddjjanel@yahoo.com', '2026-06-19 23:47:24', '/files/Projects/clientProjects/C03_Vega_Fathers_Day_Print', 10, 'Is there anyway we could put Aj in yellow. Kyle’s hair is actually black. But this looks amazing!!!');

-- Dumping structure for table simeckdb.lockedfiles
CREATE TABLE IF NOT EXISTS `lockedfiles` (
  `lockid` int(11) NOT NULL AUTO_INCREMENT,
  `filepath` varchar(300) DEFAULT NULL,
  `locktime` datetime DEFAULT NULL,
  `assetlock` int(11) DEFAULT 1,
  `commentlock` int(11) DEFAULT 1,
  `deliverable` int(11) DEFAULT 0,
  KEY `lockid` (`lockid`)
) ENGINE=InnoDB AUTO_INCREMENT=7 DEFAULT CHARSET=utf8mb4 COLLATE=utf8mb4_0900_ai_ci;

-- Dumping data for table simeckdb.lockedfiles: ~4 rows (approximately)
INSERT IGNORE INTO `lockedfiles` (`lockid`, `filepath`, `locktime`, `assetlock`, `commentlock`, `deliverable`) VALUES
	(1, '/files/Projects/clientProjects/C01_Set_Sail/clientUpload/Butters.png', '2026-05-27 00:31:26', 1, 0, 0),
	(4, '/files/Projects/clientProjects/C01_Set_Sail/clientUpload/Enamel%20Pin%20Wine%20Glass.PNG', '2026-06-13 20:05:19', 1, 1, 0),
	(5, '/files/Projects/Projects/clientProjects/C01_Set_Sail/clientUpload/Enamel Pin Wine Glass.PNG', '2026-06-13 20:55:50', 1, 1, 0),
	(6, '/files/Projects/Projects/clientProjects/C03_Vega_Fathers_Day_Print/clientUpload/progress/vega_family-portrait-v4.png', '2026-06-18 19:06:10', 1, 1, 0);

-- Dumping structure for table simeckdb.logs
CREATE TABLE IF NOT EXISTS `logs` (
  `username` varchar(50) DEFAULT NULL,
  `time` datetime DEFAULT NULL,
  `user_action` varchar(500) DEFAULT NULL,
  `ip_address` varchar(20) DEFAULT NULL,
  `extra_data` varchar(500) DEFAULT NULL,
  `project_target` varchar(10) DEFAULT 'system',
  `impersonated_by` varchar(50) DEFAULT NULL
) ENGINE=InnoDB DEFAULT CHARSET=utf8mb4 COLLATE=utf8mb4_0900_ai_ci;

-- Dumping data for table simeckdb.logs: ~284 rows (approximately)
INSERT IGNORE INTO `logs` (`username`, `time`, `user_action`, `ip_address`, `extra_data`, `project_target`, `impersonated_by`) VALUES
	('rsimon', '2026-05-11 14:52:00', 'nothing', '0.0.0.0', NULL, 'system', NULL),
	('rsimon', '2026-06-03 19:54:58', 'Availability updated', '68.2.142.48', 'Artist updated their availability.', 'System', NULL),
	('rsimon', '2026-06-03 19:55:37', 'Availability updated', '68.2.142.48', 'Artist updated their availability.', 'System', NULL),
	('rsimon', '2026-06-03 19:59:45', 'Availability updated', '68.2.142.48', 'Artist updated their availability.', 'System', NULL),
	('rsimon', '2026-06-03 20:48:24', 'Clocked out', '68.2.142.48', 'Artist clocked out.', 'System', NULL),
	('rsimon', '2026-06-03 20:48:40', 'Updated timeclock shift', '68.2.142.48', 'Shift #36 had its time_out updated to 2026-06-03 13:00:24.', 'System', NULL),
	('rsimon', '2026-06-03 20:48:40', 'Updated timeclock shift', '68.2.142.48', 'rsimon', 'System', NULL),
	('rsimon', '2026-06-03 20:49:04', 'Updated timeclock shift', '68.2.142.48', 'Shift #36 had its time_in updated to 2026-06-03 11:10:44.', 'System', NULL),
	('rsimon', '2026-06-03 20:49:04', 'Updated timeclock shift', '68.2.142.48', 'rsimon', 'System', NULL),
	('rsimon', '2026-06-03 20:49:12', 'Updated timeclock shift', '68.2.142.48', 'Shift #36 had its time_in updated to 2026-06-03 13:10:44.', 'System', NULL),
	('rsimon', '2026-06-03 20:49:12', 'Updated timeclock shift', '68.2.142.48', 'rsimon', 'System', NULL),
	('rsimon', '2026-06-03 20:49:20', 'Updated timeclock shift', '68.2.142.48', 'Shift #36 had its time_in updated to 2026-06-03 01:10:44.', 'System', NULL),
	('rsimon', '2026-06-03 20:49:20', 'Updated timeclock shift', '68.2.142.48', 'rsimon', 'System', NULL),
	('rsimon', '2026-06-03 20:49:33', 'Updated timeclock shift', '68.2.142.48', 'Shift #36 had its time_in updated to 2026-06-03 11:10:44.', 'System', NULL),
	('rsimon', '2026-06-03 20:49:33', 'Updated timeclock shift', '68.2.142.48', 'rsimon', 'System', NULL),
	('rsimon', '2026-06-03 21:56:09', 'Started impersonation', '68.2.142.48', 'rsimon started impersonating artist \'rsimon\'.', 'System', NULL),
	('rsimon', '2026-06-03 21:56:17', 'Stopped impersonation', '68.2.142.48', 'rsimon stopped impersonating. Reverted back to \'rsimon\'.', 'System', 'rsimon'),
	('rsimon', '2026-06-03 21:56:27', 'Started impersonation', '68.2.142.48', 'rsimon started impersonating artist \'msimon\'.', 'System', NULL),
	('msimon', '2026-06-03 21:56:47', 'Stopped impersonation', '68.2.142.48', 'msimon stopped impersonating. Reverted back to \'rsimon\'.', 'System', 'rsimon'),
	('rsimon', '2026-06-03 22:24:10', 'Started impersonation', '68.2.142.48', 'rsimon started impersonating artist \'bmakara\'.', 'System', NULL),
	('bmakara', '2026-06-03 22:24:45', 'Stopped impersonation', '68.2.142.48', 'bmakara stopped impersonating. Reverted back to \'rsimon\'.', 'System', 'rsimon'),
	('rsimon', '2026-06-03 22:35:27', 'Started impersonation', '68.2.142.48', 'rsimon started impersonating artist \'cmineck\'.', 'System', NULL),
	('cmineck', '2026-06-03 22:35:31', 'Stopped impersonation', '68.2.142.48', 'rsimon stopped impersonating. Reverted back from \'cmineck\'.', 'System', 'rsimon'),
	('rsimon', '2026-06-03 22:36:47', 'Clocked in', '68.2.142.48', 'Artist clocked in.', 'System', NULL),
	('rsimon', '2026-06-03 23:15:29', 'Started impersonation', '68.2.142.48', 'rsimon started impersonating artist \'rsimon\'.', 'System', NULL),
	('rsimon', '2026-06-03 23:15:32', 'Stopped impersonation', '68.2.142.48', 'rsimon stopped impersonating. Reverted back from \'rsimon\'.', 'System', 'rsimon'),
	('rsimon', '2026-06-03 23:15:51', 'User theme changed', '68.2.142.48', 'User \'rsimon\' changed their theme to \'fat-butters\'.', 'System', NULL),
	('rsimon', '2026-06-03 23:15:58', 'User theme changed', '68.2.142.48', 'User \'rsimon\' changed their theme to \'spite-castle\'.', 'System', NULL),
	('rsimon', '2026-06-03 23:16:01', 'User theme changed', '68.2.142.48', 'User \'rsimon\' changed their theme to \'dark-boo\'.', 'System', NULL),
	('rsimon', '2026-06-03 23:16:03', 'User theme changed', '68.2.142.48', 'User \'rsimon\' changed their theme to \'sky-boo\'.', 'System', NULL),
	('rsimon', '2026-06-03 23:16:09', 'User theme changed', '68.2.142.48', 'User \'rsimon\' changed their theme to \'spite-castle\'.', 'System', NULL),
	('rsimon', '2026-06-03 23:16:11', 'User theme changed', '68.2.142.48', 'User \'rsimon\' changed their theme to \'dark-boo\'.', 'System', NULL),
	('rsimon', '2026-06-03 23:21:29', 'Availability updated', '68.2.142.48', 'Artist updated their availability.', 'System', NULL),
	('rsimon', '2026-06-03 23:21:37', 'Availability updated', '68.2.142.48', 'Artist updated their availability.', 'System', NULL),
	('rsimon', '2026-06-03 23:24:23', 'Availability updated', '68.2.142.48', 'Artist updated their availability.', 'System', NULL),
	('rsimon', '2026-06-03 23:48:46', 'Started impersonation', '68.2.142.48', 'rsimon started impersonating client \'ddjjanel@yahoo.com\'.', 'System', NULL),
	('ddjjanel@yahoo.com', '2026-06-03 23:49:02', 'Stopped impersonation', '68.2.142.48', 'rsimon stopped impersonating. Reverted back from \'ddjjanel@yahoo.com\'.', 'System', 'rsimon'),
	('rsimon', '2026-06-03 23:57:34', 'User theme changed', '68.2.142.48', 'User \'rsimon\' changed their theme to \'ketchup-mustard\'.', 'System', NULL),
	('rsimon', '2026-06-04 00:01:54', 'User theme changed', '68.2.142.48', 'User \'rsimon\' changed their theme to \'spite-castle\'.', 'System', NULL),
	('rsimon', '2026-06-04 00:01:55', 'User theme changed', '68.2.142.48', 'User \'rsimon\' changed their theme to \'dark-boo\'.', 'System', NULL),
	('cmineck', '2026-06-04 00:33:15', 'Availability updated', '24.1.245.178', 'Artist updated their availability.', 'System', NULL),
	('cmineck', '2026-06-04 00:34:11', 'User timezone changed', '24.1.245.178', 'User \'cmineck\' changed their timezone to \'America/Chicago\'.', 'System', NULL),
	('cmineck', '2026-06-04 00:34:13', 'Availability updated', '24.1.245.178', 'Artist updated their availability.', 'System', NULL),
	('rsimon', '2026-06-04 01:05:50', 'Clocked out', '68.2.142.48', 'Artist clocked out.', 'System', NULL),
	('rsimon', '2026-06-04 15:56:01', 'Clocked in', '68.2.142.48', 'Artist clocked in.', 'System', NULL),
	('bmakara', '2026-06-04 16:05:22', 'User theme changed', '108.72.252.22', 'User \'bmakara\' changed their theme to \'spite-castle\'.', 'System', NULL),
	('bmakara', '2026-06-04 16:05:24', 'User theme changed', '108.72.252.22', 'User \'bmakara\' changed their theme to \'dark-boo\'.', 'System', NULL),
	('bmakara', '2026-06-04 16:05:54', 'User timezone changed', '108.72.252.22', 'User \'bmakara\' changed their timezone to \'America/Detroit\'.', 'System', NULL),
	('bmakara', '2026-06-04 16:06:16', 'Artist password changed', '108.72.252.22', 'Password for artist \'bmakara\' was changed.', 'System', NULL),
	('bmakara', '2026-06-04 16:06:16', 'Password changed', '108.72.252.22', 'Artist changed their password.', 'System', NULL),
	('rsimon', '2026-06-04 16:07:46', 'Availability updated', '68.2.142.48', 'Artist updated their availability.', 'System', NULL),
	('rsimon', '2026-06-04 16:07:50', 'Availability updated', '68.2.142.48', 'Artist updated their availability.', 'System', NULL),
	('rsimon', '2026-06-04 16:12:18', 'Started impersonation', '68.2.142.48', 'rsimon started impersonating artist \'msimon\'.', 'System', NULL),
	('msimon', '2026-06-04 16:13:21', 'Stopped impersonation', '68.2.142.48', 'rsimon stopped impersonating. Reverted back from \'msimon\'.', 'System', 'rsimon'),
	('rsimon', '2026-06-04 16:13:25', 'Started impersonation', '68.2.142.48', 'rsimon started impersonating artist \'msimon\'.', 'System', NULL),
	('msimon', '2026-06-04 16:13:34', 'Stopped impersonation', '68.2.142.48', 'rsimon stopped impersonating. Reverted back from \'msimon\'.', 'System', 'rsimon'),
	('rsimon', '2026-06-04 16:13:51', 'Started impersonation', '68.2.142.48', 'rsimon started impersonating artist \'msimon\'.', 'System', NULL),
	('msimon', '2026-06-04 16:13:52', 'Stopped impersonation', '68.2.142.48', 'rsimon stopped impersonating. Reverted back from \'msimon\'.', 'System', 'rsimon'),
	('rsimon', '2026-06-04 16:13:53', 'Started impersonation', '68.2.142.48', 'rsimon started impersonating client \'ddjjanel@yahoo.com\'.', 'System', NULL),
	('ddjjanel@yahoo.com', '2026-06-04 16:14:01', 'Stopped impersonation', '68.2.142.48', 'rsimon stopped impersonating. Reverted back from \'ddjjanel@yahoo.com\'.', 'System', 'rsimon'),
	('bmakara', '2026-06-04 16:16:55', 'Availability updated', '108.72.252.22', 'Artist updated their availability.', 'System', NULL),
	('rsimon', '2026-06-04 16:56:22', 'Started impersonation', '68.2.142.48', 'rsimon started impersonating client \'ddjjanel@yahoo.com\'.', 'System', NULL),
	('ddjjanel@yahoo.com', '2026-06-04 16:56:29', 'Stopped impersonation', '68.2.142.48', 'rsimon stopped impersonating. Reverted back from \'ddjjanel@yahoo.com\'.', 'System', 'rsimon'),
	('rsimon', '2026-06-04 17:13:01', 'Availability updated', '68.2.142.48', 'Artist updated their availability.', 'System', NULL),
	('rsimon', '2026-06-04 17:13:16', 'Availability updated', '68.2.142.48', 'Artist updated their availability.', 'System', NULL),
	('rsimon', '2026-06-04 17:22:21', 'Started impersonation', '68.2.142.48', 'rsimon started impersonating client \'ddjjanel@yahoo.com\'.', 'System', NULL),
	('ddjjanel@yahoo.com', '2026-06-04 17:22:30', 'Stopped impersonation', '68.2.142.48', 'rsimon stopped impersonating. Reverted back from \'ddjjanel@yahoo.com\'.', 'System', 'rsimon'),
	('rsimon', '2026-06-05 01:09:05', 'User theme changed', '68.2.142.48', 'User \'rsimon\' changed their theme to \'sky-boo\'.', 'System', NULL),
	('rsimon', '2026-06-05 01:09:07', 'User theme changed', '68.2.142.48', 'User \'rsimon\' changed their theme to \'dark-boo\'.', 'System', NULL),
	('jmartin', '2026-06-05 01:09:49', 'User timezone changed', '186.22.18.90', 'User \'jmartin\' changed their timezone to \'America/Argentina/Buenos_Aires\'.', 'System', NULL),
	('cwissink', '2026-06-05 01:10:43', 'User theme changed', '84.27.155.141', 'User \'cwissink\' changed their theme to \'fat-butters\'.', 'System', NULL),
	('dpoling', '2026-06-05 01:12:43', 'User theme changed', '97.126.186.217', 'User \'dpoling\' changed their theme to \'fat-butters\'.', 'System', NULL),
	('dpoling', '2026-06-05 01:12:45', 'User theme changed', '97.126.186.217', 'User \'dpoling\' changed their theme to \'ketchup-mustard\'.', 'System', NULL),
	('dpoling', '2026-06-05 01:12:47', 'User theme changed', '97.126.186.217', 'User \'dpoling\' changed their theme to \'sky-boo\'.', 'System', NULL),
	('dpoling', '2026-06-05 01:12:49', 'User theme changed', '97.126.186.217', 'User \'dpoling\' changed their theme to \'spite-castle\'.', 'System', NULL),
	('dpoling', '2026-06-05 01:13:31', 'Artist password changed', '97.126.186.217', 'Password for artist \'dpoling\' was changed.', 'System', NULL),
	('dpoling', '2026-06-05 01:13:31', 'Password changed', '97.126.186.217', 'Artist changed their password.', 'System', NULL),
	('dengland', '2026-06-05 01:13:31', 'Artist password changed', '99.49.97.11', 'Password for artist \'dengland\' was changed.', 'System', NULL),
	('dengland', '2026-06-05 01:13:31', 'Password changed', '99.49.97.11', 'Artist changed their password.', 'System', NULL),
	('cwissink', '2026-06-05 01:13:35', 'User timezone changed', '84.27.155.141', 'User \'cwissink\' changed their timezone to \'Europe/Berlin\'.', 'System', NULL),
	('dengland', '2026-06-05 01:14:12', 'User timezone changed', '99.49.97.11', 'User \'dengland\' changed their timezone to \'America/Detroit\'.', 'System', NULL),
	('dengland', '2026-06-05 01:14:15', 'User theme changed', '99.49.97.11', 'User \'dengland\' changed their theme to \'ketchup-mustard\'.', 'System', NULL),
	('dengland', '2026-06-05 01:14:17', 'User theme changed', '99.49.97.11', 'User \'dengland\' changed their theme to \'sky-boo\'.', 'System', NULL),
	('dengland', '2026-06-05 01:14:20', 'User theme changed', '99.49.97.11', 'User \'dengland\' changed their theme to \'spite-castle\'.', 'System', NULL),
	('dpoling', '2026-06-05 01:14:47', 'User timezone changed', '97.126.186.217', 'User \'dpoling\' changed their timezone to \'America/Los_Angeles\'.', 'System', NULL),
	('dpoling', '2026-06-05 01:15:38', 'Availability updated', '97.126.186.217', 'Artist updated their availability.', 'System', NULL),
	('cwissink', '2026-06-05 01:16:10', 'User theme changed', '84.27.155.141', 'User \'cwissink\' changed their theme to \'ketchup-mustard\'.', 'System', NULL),
	('cwissink', '2026-06-05 01:16:18', 'User theme changed', '84.27.155.141', 'User \'cwissink\' changed their theme to \'sky-boo\'.', 'System', NULL),
	('dpoling', '2026-06-05 01:16:28', 'Availability updated', '97.126.186.217', 'Artist updated their availability.', 'System', NULL),
	('dpoling', '2026-06-05 01:16:38', 'Availability updated', '97.126.186.217', 'Artist updated their availability.', 'System', NULL),
	('dpoling', '2026-06-05 01:16:53', 'Availability updated', '97.126.186.217', 'Artist updated their availability.', 'System', NULL),
	('dengland', '2026-06-05 01:17:07', 'Availability updated', '99.49.97.11', 'Artist updated their availability.', 'System', NULL),
	('cwissink', '2026-06-05 01:17:08', 'User theme changed', '84.27.155.141', 'User \'cwissink\' changed their theme to \'dark-boo\'.', 'System', NULL),
	('wgordon', '2026-06-05 01:17:42', 'User timezone changed', '73.144.76.43', 'User \'wgordon\' changed their timezone to \'America/Detroit\'.', 'System', NULL),
	('dpoling', '2026-06-05 01:17:50', 'Availability updated', '97.126.186.217', 'Artist updated their availability.', 'System', NULL),
	('cwissink', '2026-06-05 01:18:43', 'Availability updated', '84.27.155.141', 'Artist updated their availability.', 'System', NULL),
	('nbenjamin', '2026-06-05 01:18:51', 'User timezone changed', '45.91.23.19', 'User \'nbenjamin\' changed their timezone to \'America/Toronto\'.', 'System', NULL),
	('nbenjamin', '2026-06-05 01:18:54', 'User theme changed', '45.91.23.19', 'User \'nbenjamin\' changed their theme to \'fat-butters\'.', 'System', NULL),
	('nbenjamin', '2026-06-05 01:18:57', 'User theme changed', '45.91.23.19', 'User \'nbenjamin\' changed their theme to \'ketchup-mustard\'.', 'System', NULL),
	('nbenjamin', '2026-06-05 01:18:59', 'User theme changed', '45.91.23.19', 'User \'nbenjamin\' changed their theme to \'sky-boo\'.', 'System', NULL),
	('nbenjamin', '2026-06-05 01:19:41', 'User theme changed', '45.91.23.19', 'User \'nbenjamin\' changed their theme to \'spite-castle\'.', 'System', NULL),
	('wgordon', '2026-06-05 01:19:48', 'Availability updated', '73.144.76.43', 'Artist updated their availability.', 'System', NULL),
	('wgordon', '2026-06-05 01:20:08', 'Artist password changed', '73.144.76.43', 'Password for artist \'wgordon\' was changed.', 'System', NULL),
	('wgordon', '2026-06-05 01:20:08', 'Password changed', '73.144.76.43', 'Artist changed their password.', 'System', NULL),
	('nbenjamin', '2026-06-05 01:20:14', 'Artist password changed', '45.91.23.19', 'Password for artist \'nbenjamin\' was changed.', 'System', NULL),
	('nbenjamin', '2026-06-05 01:20:14', 'Password changed', '45.91.23.19', 'Artist changed their password.', 'System', NULL),
	('nbenjamin', '2026-06-05 01:22:12', 'Availability updated', '45.91.23.32', 'Artist updated their availability.', 'System', NULL),
	('tcargle', '2026-06-05 01:23:52', 'User timezone changed', '68.43.208.185', 'User \'tcargle\' changed their timezone to \'America/New_York\'.', 'System', NULL),
	('tcargle', '2026-06-05 01:24:17', 'Artist password changed', '68.43.208.185', 'Password for artist \'tcargle\' was changed.', 'System', NULL),
	('tcargle', '2026-06-05 01:24:17', 'Password changed', '68.43.208.185', 'Artist changed their password.', 'System', NULL),
	('mrose', '2026-06-05 01:24:26', 'User timezone changed', '71.114.76.253', 'User \'mrose\' changed their timezone to \'America/New_York\'.', 'System', NULL),
	('tcargle', '2026-06-05 01:24:32', 'User theme changed', '68.43.208.185', 'User \'tcargle\' changed their theme to \'fat-butters\'.', 'System', NULL),
	('tcargle', '2026-06-05 01:24:34', 'User theme changed', '68.43.208.185', 'User \'tcargle\' changed their theme to \'ketchup-mustard\'.', 'System', NULL),
	('tcargle', '2026-06-05 01:24:37', 'User theme changed', '68.43.208.185', 'User \'tcargle\' changed their theme to \'sky-boo\'.', 'System', NULL),
	('tcargle', '2026-06-05 01:24:40', 'User theme changed', '68.43.208.185', 'User \'tcargle\' changed their theme to \'spite-castle\'.', 'System', NULL),
	('mrose', '2026-06-05 01:24:42', 'Artist password changed', '71.114.76.253', 'Password for artist \'mrose\' was changed.', 'System', NULL),
	('mrose', '2026-06-05 01:24:42', 'Password changed', '71.114.76.253', 'Artist changed their password.', 'System', NULL),
	('mrose', '2026-06-05 01:24:49', 'User theme changed', '71.114.76.253', 'User \'mrose\' changed their theme to \'spite-castle\'.', 'System', NULL),
	('jmartin', '2026-06-05 01:25:45', 'Availability updated', '186.22.18.90', 'Artist updated their availability.', 'System', NULL),
	('mrose', '2026-06-05 01:25:55', 'Availability updated', '71.114.76.253', 'Artist updated their availability.', 'System', NULL),
	('tcargle', '2026-06-05 01:26:28', 'Availability updated', '68.43.208.185', 'Artist updated their availability.', 'System', NULL),
	('jmartin', '2026-06-05 01:28:25', 'Artist password changed', '186.22.18.90', 'Password for artist \'jmartin\' was changed.', 'System', NULL),
	('jmartin', '2026-06-05 01:28:25', 'Password changed', '186.22.18.90', 'Artist changed their password.', 'System', NULL),
	('jmartin', '2026-06-05 01:29:48', 'Availability updated', '186.22.18.90', 'Artist updated their availability.', 'System', NULL),
	('rsimon', '2026-06-05 03:38:47', 'Clocked out', '68.2.142.48', 'Artist clocked out.', 'System', NULL),
	('rszymanski', '2026-06-05 03:43:21', 'Clocked in', '172.59.65.140', 'Artist clocked in.', 'System', NULL),
	('rszymanski', '2026-06-05 03:56:38', 'Clocked out', '172.59.65.140', 'Artist clocked out.', 'System', NULL),
	('rszymanski', '2026-06-05 03:56:49', 'Clocked in', '172.59.65.140', 'Artist clocked in.', 'System', NULL),
	('rszymanski', '2026-06-05 04:15:58', 'Clocked out', '172.59.65.140', 'Artist clocked out.', 'System', NULL),
	('rszymanski', '2026-06-05 04:19:26', 'Clocked in', '172.59.65.140', 'Artist clocked in.', 'System', NULL),
	('rszymanski', '2026-06-05 04:55:24', 'Clocked out', '172.59.65.140', 'Artist clocked out.', 'System', NULL),
	('rszymanski', '2026-06-05 17:13:09', 'Clocked in', '172.59.65.140', 'Artist clocked in.', 'System', NULL),
	('rszymanski', '2026-06-05 18:05:37', 'Clocked out', '172.59.65.140', 'Artist clocked out.', 'System', NULL),
	('rsimon', '2026-06-05 18:07:30', 'Clocked in', '68.2.142.48', 'Artist clocked in.', 'System', NULL),
	('rszymanski', '2026-06-05 19:13:04', 'Clocked in', '172.59.65.140', 'Artist clocked in.', 'System', NULL),
	('rsimon', '2026-06-05 20:01:46', 'Started impersonation', '68.2.142.48', 'rsimon started impersonating client \'ddjjanel@yahoo.com\'.', 'System', NULL),
	('ddjjanel@yahoo.com', '2026-06-05 20:01:56', 'Stopped impersonation', '68.2.142.48', 'rsimon stopped impersonating. Reverted back from \'ddjjanel@yahoo.com\'.', 'System', 'rsimon'),
	('rszymanski', '2026-06-05 21:15:31', 'Clocked out', '172.59.65.140', 'Artist clocked out.', 'System', NULL),
	('rsimon', '2026-06-06 22:31:21', 'Clocked out', '68.2.142.48', 'Artist clocked out.', 'System', NULL),
	('saikak', '2026-06-08 12:33:17', 'Clocked in', '23.237.102.130', 'Artist clocked in.', 'System', NULL),
	('saikak', '2026-06-08 12:46:14', 'User theme changed', '23.237.102.130', 'User \'saikak\' changed their theme to \'fat-butters\'.', 'System', NULL),
	('mfeng', '2026-06-08 12:49:22', 'User theme changed', '5.172.193.107', 'User \'mfeng\' changed their theme to \'ketchup-mustard\'.', 'System', NULL),
	('mfeng', '2026-06-08 12:49:29', 'User theme changed', '5.172.193.107', 'User \'mfeng\' changed their theme to \'sky-boo\'.', 'System', NULL),
	('mfeng', '2026-06-08 12:49:34', 'User theme changed', '5.172.193.107', 'User \'mfeng\' changed their theme to \'spite-castle\'.', 'System', NULL),
	('mfeng', '2026-06-08 12:49:39', 'User theme changed', '5.172.193.107', 'User \'mfeng\' changed their theme to \'fat-butters\'.', 'System', NULL),
	('dengland', '2026-06-08 15:01:33', 'Clocked in', '99.49.97.11', 'Artist clocked in.', 'System', NULL),
	('dengland', '2026-06-08 16:04:26', 'Clocked out', '99.49.97.11', 'Artist clocked out.', 'System', NULL),
	('bwilliams', '2026-06-08 17:47:00', 'Clocked in', '76.215.24.230', 'Artist clocked in.', 'System', NULL),
	('bwilliams', '2026-06-08 18:12:47', 'Clocked out', '76.215.24.230', 'Artist clocked out.', 'System', NULL),
	('bwilliams', '2026-06-08 20:45:56', 'Clocked in', '76.215.24.230', 'Artist clocked in.', 'System', NULL),
	('jmartin', '2026-06-08 21:50:01', 'Clocked in', '186.22.18.90', 'Artist clocked in.', 'System', NULL),
	('rsimon', '2026-06-08 22:15:50', 'Clocked in', '68.2.142.48', 'Artist clocked in.', 'System', NULL),
	('bwilliams', '2026-06-08 23:35:02', 'Clocked out', '76.215.24.230', 'Artist clocked out.', 'System', NULL),
	('rsimon', '2026-06-09 00:15:54', 'Clocked out', '68.2.142.48', 'Artist clocked out.', 'System', NULL),
	('jmartin', '2026-06-09 00:48:26', 'Clocked out', '186.22.18.90', 'Artist clocked out.', 'System', NULL),
	('rsimon', '2026-06-09 01:19:01', 'Started impersonation', '68.2.142.48', 'rsimon started impersonating client \'ddjjanel@yahoo.com\'.', 'System', NULL),
	('ddjjanel@yahoo.com', '2026-06-09 01:19:08', 'Stopped impersonation', '68.2.142.48', 'rsimon stopped impersonating. Reverted back from \'ddjjanel@yahoo.com\'.', 'System', 'rsimon'),
	('rsimon', '2026-06-09 01:57:47', 'Started impersonation', '68.2.142.48', 'rsimon started impersonating artist \'saikak\'.', 'System', NULL),
	('saikak', '2026-06-09 01:58:02', 'Stopped impersonation', '68.2.142.48', 'rsimon stopped impersonating. Reverted back from \'saikak\'.', 'System', 'rsimon'),
	('rsimon', '2026-06-09 02:03:52', 'User theme changed', '68.2.142.48', 'User \'rsimon\' changed their theme to \'spite-castle\'.', 'System', NULL),
	('saikak', '2026-06-09 07:08:40', 'Clocked out', '50.7.253.202', 'Artist clocked out.', 'System', NULL),
	('mfeng', '2026-06-09 07:08:53', 'Clocked in', '91.221.66.87', 'Artist clocked in.', 'System', NULL),
	('mfeng', '2026-06-09 12:08:39', 'Clocked out', '91.221.66.87', 'Artist clocked out.', 'System', NULL),
	('bwilliams', '2026-06-09 15:00:11', 'Clocked in', '76.215.24.230', 'Artist clocked in.', 'System', NULL),
	('cwissink', '2026-06-09 15:29:25', 'Artist password changed', '84.27.155.141', 'Password for artist \'cwissink\' was changed.', 'System', NULL),
	('cwissink', '2026-06-09 15:29:25', 'Password changed', '84.27.155.141', 'Artist changed their password.', 'System', NULL),
	('bwilliams', '2026-06-09 17:10:01', 'Clocked out', '76.215.24.230', 'Artist clocked out.', 'System', NULL),
	('jmartin', '2026-06-09 17:16:46', 'Clocked in', '186.22.18.90', 'Artist clocked in.', 'System', NULL),
	('rsimon', '2026-06-09 17:53:27', 'Time off requested', '68.2.142.48', 'Artist \'rsimon\' requested time off from 2026-06-09.', 'System', NULL),
	('bwilliams', '2026-06-09 17:57:41', 'Clocked in', '76.215.24.230', 'Artist clocked in.', 'System', NULL),
	('jmartin', '2026-06-09 20:39:34', 'Clocked out', '186.22.18.90', 'Artist clocked out.', 'System', NULL),
	('bwilliams', '2026-06-09 21:14:02', 'Clocked out', '76.215.24.230', 'Artist clocked out.', 'System', NULL),
	('rsimon', '2026-06-09 22:51:54', 'Started impersonation', '68.2.142.48', 'rsimon started impersonating artist \'jmartin\'.', 'System', NULL),
	('jmartin', '2026-06-09 22:52:00', 'Stopped impersonation', '68.2.142.48', 'rsimon stopped impersonating. Reverted back from \'jmartin\'.', 'System', 'rsimon'),
	('rsimon', '2026-06-10 15:41:24', 'Clocked in', '68.2.142.48', 'Artist clocked in.', 'System', NULL),
	('rsimon', '2026-06-10 17:24:19', 'Clocked out', '68.2.142.48', 'Artist clocked out.', 'System', NULL),
	('rsimon', '2026-06-10 17:33:53', 'Clocked in', '68.2.142.48', 'Artist clocked in.', 'System', NULL),
	('mfeng', '2026-06-10 18:13:49', 'Clocked in', '91.221.66.87', 'Artist clocked in.', 'System', NULL),
	('jmartin', '2026-06-10 18:45:13', 'Clocked in', '186.22.18.90', 'Artist clocked in.', 'System', NULL),
	('mfeng', '2026-06-10 20:35:42', 'Clocked out', '91.221.66.87', 'Artist clocked out.', 'System', NULL),
	('rsimon', '2026-06-10 20:38:34', 'Started impersonation', '68.2.142.48', 'rsimon started impersonating client \'ddjjanel@yahoo.com\'.', 'System', NULL),
	('ddjjanel@yahoo.com', '2026-06-10 20:38:41', 'Stopped impersonation', '68.2.142.48', 'rsimon stopped impersonating. Reverted back from \'ddjjanel@yahoo.com\'.', 'System', 'rsimon'),
	('rsimon', '2026-06-10 20:38:59', 'Started impersonation', '68.2.142.48', 'rsimon started impersonating artist \'mfeng\'.', 'System', NULL),
	('mfeng', '2026-06-10 20:39:05', 'Stopped impersonation', '68.2.142.48', 'rsimon stopped impersonating. Reverted back from \'mfeng\'.', 'System', 'rsimon'),
	('rsimon', '2026-06-10 20:39:09', 'Started impersonation', '68.2.142.48', 'rsimon started impersonating client \'ddjjanel@yahoo.com\'.', 'System', NULL),
	('ddjjanel@yahoo.com', '2026-06-10 20:39:21', 'Stopped impersonation', '68.2.142.48', 'rsimon stopped impersonating. Reverted back from \'ddjjanel@yahoo.com\'.', 'System', 'rsimon'),
	('rsimon', '2026-06-10 21:07:37', 'Clocked out', '68.2.142.48', 'Artist clocked out.', 'System', NULL),
	('jmartin', '2026-06-10 21:44:18', 'Clocked out', '186.22.18.90', 'Artist clocked out.', 'System', NULL),
	('rsimon', '2026-06-10 22:22:41', 'User theme changed', '68.2.142.48', 'User \'rsimon\' changed their theme to \'sky-boo\'.', 'System', NULL),
	('rsimon', '2026-06-10 22:22:45', 'User theme changed', '68.2.142.48', 'User \'rsimon\' changed their theme to \'ketchup-mustard\'.', 'System', NULL),
	('rsimon', '2026-06-11 00:08:43', 'User theme changed', '68.2.142.48', 'User \'rsimon\' changed their theme to \'sky-boo\'.', 'System', NULL),
	('rsimon', '2026-06-11 00:08:49', 'User theme changed', '68.2.142.48', 'User \'rsimon\' changed their theme to \'ketchup-mustard\'.', 'System', NULL),
	('apaulovic', '2026-06-11 01:36:30', 'Artist password changed', '98.233.18.245', 'Password for artist \'apaulovic\' was changed.', 'System', NULL),
	('apaulovic', '2026-06-11 01:36:30', 'Password changed', '98.233.18.245', 'Artist changed their password.', 'System', NULL),
	('apaulovic', '2026-06-11 01:40:20', 'Availability updated', '98.233.18.245', 'Artist updated their availability.', 'System', NULL),
	('apaulovic', '2026-06-11 01:40:30', 'Time off requested', '98.233.18.245', 'Artist \'apaulovic\' requested time off from 2026-06-11 to 2026-06-13.', 'System', NULL),
	('apaulovic', '2026-06-11 01:40:45', 'User theme changed', '98.233.18.245', 'User \'apaulovic\' changed their theme to \'fat-butters\'.', 'System', NULL),
	('apaulovic', '2026-06-11 01:40:49', 'User theme changed', '98.233.18.245', 'User \'apaulovic\' changed their theme to \'ketchup-mustard\'.', 'System', NULL),
	('apaulovic', '2026-06-11 01:40:52', 'User theme changed', '98.233.18.245', 'User \'apaulovic\' changed their theme to \'sky-boo\'.', 'System', NULL),
	('apaulovic', '2026-06-11 01:40:55', 'User theme changed', '98.233.18.245', 'User \'apaulovic\' changed their theme to \'spite-castle\'.', 'System', NULL),
	('apaulovic', '2026-06-11 01:40:57', 'User theme changed', '98.233.18.245', 'User \'apaulovic\' changed their theme to \'dark-boo\'.', 'System', NULL),
	('apaulovic', '2026-06-11 01:41:15', 'User timezone changed', '98.233.18.245', 'User \'apaulovic\' changed their timezone to \'America/New_York\'.', 'System', NULL),
	('apaulovic', '2026-06-11 01:41:18', 'Availability updated', '98.233.18.245', 'Artist updated their availability.', 'System', NULL),
	('mfeng', '2026-06-11 14:20:17', 'Clocked in', '91.221.66.87', 'Artist clocked in.', 'System', NULL),
	('mfeng', '2026-06-11 16:16:44', 'Clocked out', '91.221.66.87', 'Artist clocked out.', 'System', NULL),
	('bwilliams', '2026-06-11 17:00:15', 'Clocked in', '76.215.24.230', 'Artist clocked in.', 'System', NULL),
	('rsimon', '2026-06-11 17:04:56', 'Clocked in', '68.2.142.48', 'Artist clocked in.', 'System', NULL),
	('rsimon', '2026-06-11 18:11:06', 'User theme changed', '68.2.142.48', 'User \'rsimon\' changed their theme to \'sky-boo\'.', 'System', NULL),
	('rsimon', '2026-06-11 18:11:11', 'User theme changed', '68.2.142.48', 'User \'rsimon\' changed their theme to \'dark-boo\'.', 'System', NULL),
	('rsimon', '2026-06-11 18:12:13', 'Started impersonation', '68.2.142.48', 'rsimon started impersonating client \'ddjjanel@yahoo.com\'.', 'System', NULL),
	('ddjjanel@yahoo.com', '2026-06-11 18:13:24', 'Stopped impersonation', '68.2.142.48', 'rsimon stopped impersonating. Reverted back from \'ddjjanel@yahoo.com\'.', 'System', 'rsimon'),
	('jmartin', '2026-06-11 20:07:55', 'Clocked in', '186.22.18.90', 'Artist clocked in.', 'System', NULL),
	('rsimon', '2026-06-11 22:04:02', 'Clocked out', '68.2.142.48', 'Artist clocked out.', 'System', NULL),
	('jmartin', '2026-06-11 23:49:28', 'Clocked out', '186.22.18.90', 'Artist clocked out.', 'System', NULL),
	('rsimon', '2026-06-11 23:54:26', 'Phone number updated', '68.2.142.48', 'Artist updated their phone settings.', 'System', NULL),
	('rsimon', '2026-06-11 23:54:29', 'Phone number updated', '68.2.142.48', 'Artist updated their phone settings.', 'System', NULL),
	('rsimon', '2026-06-12 00:51:34', 'Started impersonation', '68.2.142.48', 'rsimon started impersonating client \'ddjjanel@yahoo.com\'.', 'System', NULL),
	('bwilliams', '2026-06-12 00:54:42', 'Clocked out', '76.215.24.230', 'Artist clocked out.', 'System', NULL),
	('ddjjanel@yahoo.com', '2026-06-12 01:03:05', 'Stopped impersonation', '68.2.142.48', 'rsimon stopped impersonating. Reverted back from \'ddjjanel@yahoo.com\'.', 'System', 'rsimon'),
	('rsimon', '2026-06-12 01:41:31', 'User theme changed', '68.2.142.48', 'User \'rsimon\' changed their theme to \'sky-boo\'.', 'System', NULL),
	('rsimon', '2026-06-12 01:42:03', 'Nickname changed', '68.2.142.48', 'Artist changed their nickname to \'Ran-Dizzle\'.', 'System', NULL),
	('rsimon', '2026-06-12 01:42:11', 'Nickname changed', '68.2.142.48', 'Artist changed their nickname to \'\'.', 'System', NULL),
	('rsimon', '2026-06-12 01:42:35', 'User theme changed', '68.2.142.48', 'User \'rsimon\' changed their theme to \'dark-boo\'.', 'System', NULL),
	('tgonzalez', '2026-06-12 01:52:36', 'Artist password changed', '67.9.153.212', 'Password for artist \'tgonzalez\' was changed.', 'System', NULL),
	('tgonzalez', '2026-06-12 01:52:36', 'Password changed', '67.9.153.212', 'Artist changed their password.', 'System', NULL),
	('rsimon', '2026-06-12 04:36:39', 'Nickname changed', '68.2.142.48', 'Artist changed their nickname to \'Ran-Dizzle\'.', 'System', NULL),
	('rsimon', '2026-06-12 04:40:30', 'Phone number updated', '68.2.142.48', 'Artist updated their phone settings.', 'System', NULL),
	('rsimon', '2026-06-12 04:43:14', 'Started impersonation', '68.2.142.48', 'rsimon started impersonating client \'ddjjanel@yahoo.com\'.', 'System', NULL),
	('ddjjanel@yahoo.com', '2026-06-12 04:43:19', 'Stopped impersonation', '68.2.142.48', 'rsimon stopped impersonating. Reverted back from \'ddjjanel@yahoo.com\'.', 'System', 'rsimon'),
	('rsimon', '2026-06-12 16:20:46', 'Clocked in', '68.2.142.48', 'Artist clocked in.', 'System', NULL),
	('rsimon', '2026-06-12 16:31:37', 'Nickname changed', '68.2.142.48', 'Artist changed their nickname to \'Weeble\'.', 'System', NULL),
	('bmakara', '2026-06-12 17:30:25', 'Time off requested', '108.72.252.22', 'Artist \'bmakara\' requested time off from 2026-06-12.', 'System', NULL),
	('bmakara', '2026-06-12 17:30:45', 'Artist password changed', '108.72.252.22', 'Password for artist \'bmakara\' was changed.', 'System', NULL),
	('bmakara', '2026-06-12 17:30:45', 'Password changed', '108.72.252.22', 'Artist changed their password.', 'System', NULL),
	('jmartin', '2026-06-12 17:59:55', 'Clocked in', '186.22.18.90', 'Artist clocked in.', 'System', NULL),
	('rsimon', '2026-06-12 18:56:13', 'Added Project comment', '68.2.142.48', 'Added a comment to Project \'/files/Projects/clientProjects/C03_Vega_Fathers_Day_Print\': Haha I\'m glad to hear that. I\'ve got one more linework pass to do, and then we can lock the linework.', 'C03', NULL),
	('rsimon', '2026-06-12 18:56:28', 'Started impersonation', '68.2.142.48', 'rsimon started impersonating client \'ddjjanel@yahoo.com\'.', 'System', NULL),
	('ddjjanel@yahoo.com', '2026-06-12 18:57:23', 'Stopped impersonation', '68.2.142.48', 'rsimon stopped impersonating. Reverted back from \'ddjjanel@yahoo.com\'.', 'System', 'rsimon'),
	('rsimon', '2026-06-12 19:01:21', 'Started impersonation', '68.2.142.48', 'rsimon started impersonating client \'seansimonanimation@gmail.com\'.', 'System', NULL),
	('seansimonanimation@gmail.com', '2026-06-12 19:01:22', 'Stopped impersonation', '68.2.142.48', 'rsimon stopped impersonating. Reverted back from \'seansimonanimation@gmail.com\'.', 'System', 'rsimon'),
	('jmartin', '2026-06-12 22:45:27', 'Clocked out', '186.22.18.90', 'Artist clocked out.', 'System', NULL),
	('rsimon', '2026-06-13 00:00:00', 'Clocked out', '68.2.142.48', 'Artist clocked out.', 'System', NULL),
	('rsimon', '2026-06-13 16:37:43', 'Clocked in', '68.2.142.48', 'Artist clocked in.', 'System', NULL),
	('jmartin', '2026-06-13 18:14:17', 'Clocked in', '186.22.18.90', 'Artist clocked in.', 'System', NULL),
	('rsimon', '2026-06-13 20:05:19', 'Locked file', '68.2.142.48', 'rsimon', 'Project', NULL),
	('jmartin', '2026-06-13 20:47:00', 'Clocked out', '186.22.18.90', 'Artist clocked out.', 'System', NULL),
	('rsimon', '2026-06-13 20:55:50', 'Locked file', '68.2.142.48', 'rsimon', 'Project', NULL),
	('rsimon', '2026-06-13 20:59:34', 'Nickname changed', '68.2.142.48', 'Artist changed their nickname to \'\'.', 'System', NULL),
	('rsimon', '2026-06-13 23:04:27', 'Started impersonation', '68.2.142.48', 'rsimon started impersonating client \'ddjjanel@yahoo.com\'.', 'System', NULL),
	('ddjjanel@yahoo.com', '2026-06-13 23:05:31', 'Stopped impersonation', '68.2.142.48', 'rsimon stopped impersonating. Reverted back from \'ddjjanel@yahoo.com\'.', 'System', 'rsimon'),
	('rsimon', '2026-06-14 00:30:18', 'Clocked out', '107.127.21.96', 'Artist clocked out.', 'System', NULL),
	('rsimon', '2026-06-14 16:17:54', 'Clocked in', '68.2.142.48', 'Artist clocked in.', 'System', NULL),
	('rsimon', '2026-06-14 16:17:55', 'Clocked out', '68.2.142.48', 'Artist clocked out.', 'System', NULL),
	('rsimon', '2026-06-14 16:17:55', 'Clocked in', '68.2.142.48', 'Artist clocked in.', 'System', NULL),
	('rsimon', '2026-06-14 17:14:47', 'Shift deleted', '68.2.142.48', 'A timeclock shift was deleted by an admin.', 'System', NULL),
	('rsimon', '2026-06-14 22:20:44', 'User theme changed', '68.2.142.48', 'User \'rsimon\' changed their theme to \'touch-grass\'.', 'System', NULL),
	('jmartin', '2026-06-15 21:06:41', 'Clocked in', '186.22.18.90', 'Artist clocked in.', 'System', NULL),
	('jmartin', '2026-06-15 23:13:24', 'Clocked out', '186.22.18.90', 'Artist clocked out.', 'System', NULL),
	('rsimon', '2026-06-16 01:43:48', 'User theme changed', '68.2.142.48', 'User \'rsimon\' changed their theme to \'dark-boo\'.', 'System', NULL),
	('mfeng', '2026-06-16 08:06:49', 'Clocked in', '91.221.66.87', 'Artist clocked in.', 'System', NULL),
	('mfeng', '2026-06-16 12:18:52', 'Clocked out', '91.221.66.87', 'Artist clocked out.', 'System', NULL),
	('mfeng', '2026-06-17 15:37:55', 'Clocked in', '5.172.193.107', 'Artist clocked in.', 'System', NULL),
	('jmartin', '2026-06-17 19:09:44', 'Clocked in', '45.76.176.132', 'Artist clocked in.', 'System', NULL),
	('jmartin', '2026-06-17 23:27:32', 'Clocked out', '45.76.176.132', 'Artist clocked out.', 'System', NULL),
	('rsimon', '2026-06-18 00:15:12', 'Started impersonation', '68.2.142.48', 'rsimon started impersonating artist \'bmakara\'.', 'System', NULL),
	('bmakara', '2026-06-18 00:15:14', 'Stopped impersonation', '68.2.142.48', 'rsimon stopped impersonating. Reverted back from \'bmakara\'.', 'System', 'rsimon'),
	('rsimon', '2026-06-18 00:15:16', 'Started impersonation', '68.2.142.48', 'rsimon started impersonating artist \'awright\'.', 'System', NULL),
	('awright', '2026-06-18 00:15:17', 'Stopped impersonation', '68.2.142.48', 'rsimon stopped impersonating. Reverted back from \'awright\'.', 'System', 'rsimon'),
	('rsimon', '2026-06-18 00:23:45', 'Started impersonation', '68.2.142.48', 'rsimon started impersonating artist \'apaulovic\'.', 'System', NULL),
	('apaulovic', '2026-06-18 00:23:47', 'Stopped impersonation', '68.2.142.48', 'rsimon stopped impersonating. Reverted back from \'apaulovic\'.', 'System', 'rsimon'),
	('rsimon', '2026-06-18 04:40:27', 'Clocked out', '68.2.142.48', 'Artist clocked out.', 'System', NULL),
	('rsimon', '2026-06-18 04:40:29', 'Clocked in', '68.2.142.48', 'Artist clocked in.', 'System', NULL),
	('rsimon', '2026-06-18 04:41:08', 'Clocked out', '68.2.142.48', 'Artist clocked out.', 'System', NULL),
	('mfeng', '2026-06-18 05:33:36', 'Clocked out', '91.221.66.87', 'Artist clocked out.', 'System', NULL),
	('saikak', '2026-06-18 12:40:02', 'Clocked in', '45.86.208.162', 'Artist clocked in.', 'System', NULL),
	('rsimon', '2026-06-18 16:31:40', 'Availability updated', '68.2.142.48', 'Artist updated their availability.', 'System', NULL),
	('rsimon', '2026-06-18 18:04:16', 'Clocked in', '68.2.142.48', 'Artist clocked in.', 'System', NULL),
	('rsimon', '2026-06-18 19:06:10', 'Locked file', '68.2.142.48', 'rsimon', 'Project', NULL),
	('saikak', '2026-06-18 19:21:11', 'Clocked out', '45.86.208.162', 'Artist clocked out.', 'System', NULL),
	('rsimon', '2026-06-18 22:33:17', 'Updated timeclock shift', '68.2.142.48', 'Shift #68 had its time_out updated to 2026-06-14 21:40:00.', 'System', NULL),
	('rsimon', '2026-06-18 22:33:17', 'Updated timeclock shift', '68.2.142.48', 'rsimon updated shift ID 68 field time_out to value: 2026-06-14 21:40:00', 'System', NULL),
	('rsimon', '2026-06-18 22:33:24', 'Updated timeclock shift', '68.2.142.48', 'Shift #43 had its time_out updated to 2026-06-05 15:31:00.', 'System', NULL),
	('rsimon', '2026-06-18 22:33:24', 'Updated timeclock shift', '68.2.142.48', 'rsimon updated shift ID 43 field time_out to value: 2026-06-05 15:31:00', 'System', NULL),
	('rsimon', '2026-06-18 22:34:00', 'Updated timeclock shift', '68.2.142.48', 'Shift #68 had its time_out updated to 2026-06-14 11:40:00.', 'System', NULL),
	('rsimon', '2026-06-18 22:34:00', 'Updated timeclock shift', '68.2.142.48', 'rsimon updated shift ID 68 field time_out to value: 2026-06-14 11:40:00', 'System', NULL),
	('rsimon', '2026-06-18 22:34:11', 'Shift deleted', '68.2.142.48', 'A timeclock shift was deleted by an admin.', 'System', NULL),
	('rsimon', '2026-06-18 22:34:29', 'Shift deleted', '68.2.142.48', 'A timeclock shift was deleted by an admin.', 'System', NULL),
	('mkhan', '2026-06-19 00:47:43', 'User theme changed', '208.189.31.119', 'User \'mkhan\' changed their theme to \'fat-butters\'.', 'System', NULL),
	('mkhan', '2026-06-19 00:47:44', 'User theme changed', '208.189.31.119', 'User \'mkhan\' changed their theme to \'sky-boo\'.', 'System', NULL),
	('mkhan', '2026-06-19 00:47:46', 'User theme changed', '208.189.31.119', 'User \'mkhan\' changed their theme to \'spite-castle\'.', 'System', NULL),
	('mkhan', '2026-06-19 00:47:48', 'User theme changed', '208.189.31.119', 'User \'mkhan\' changed their theme to \'dark-boo\'.', 'System', NULL),
	('mkhan', '2026-06-19 00:47:49', 'User theme changed', '208.189.31.119', 'User \'mkhan\' changed their theme to \'touch-grass\'.', 'System', NULL),
	('mkhan', '2026-06-19 00:47:50', 'User theme changed', '208.189.31.119', 'User \'mkhan\' changed their theme to \'spite-castle\'.', 'System', NULL),
	('mkhan', '2026-06-19 00:48:27', 'User timezone changed', '208.189.31.119', 'User \'mkhan\' changed their timezone to \'America/Chicago\'.', 'System', NULL),
	('mkhan', '2026-06-19 00:48:45', 'Nickname changed', '208.189.31.119', 'Artist changed their nickname to \'Myra\'.', 'System', NULL),
	('rsimon', '2026-06-19 01:20:11', 'User theme changed', '68.2.142.48', 'User \'rsimon\' changed their theme to \'touch-grass\'.', 'System', NULL),
	('saikak', '2026-06-19 10:08:40', 'Clocked in', '45.86.208.162', 'Artist clocked in.', 'System', NULL),
	('rsimon', '2026-06-19 16:51:48', 'Clocked in', '68.2.142.48', 'Artist clocked in.', 'System', NULL),
	('mkhan', '2026-06-19 18:10:14', 'Nickname changed', '208.189.31.119', 'Artist changed their nickname to \'Myra\'.', 'System', NULL),
	('rsimon', '2026-06-19 18:52:49', 'User theme changed', '68.2.142.48', 'User \'rsimon\' changed their theme to \'spite-castle\'.', 'System', NULL),
	('rsimon', '2026-06-19 22:51:10', 'Phone number updated', '68.2.142.48', 'Artist updated their phone settings.', 'System', NULL),
	('rsimon', '2026-06-19 22:51:48', 'Phone number updated', '68.2.142.48', 'Artist updated their phone settings.', 'System', NULL),
	('rsimon', '2026-06-19 23:19:21', 'Client notification sent', '68.2.142.48', 'Randy sent notification about \'vega_family-portrait-v9.png\' to client \'ddjjanel@yahoo.com\' (project: Vega Fathers Day Print)', 'System', NULL),
	('rsimon', '2026-06-19 23:48:24', 'Started impersonation', '68.2.142.48', 'rsimon started impersonating client \'ddjjanel@yahoo.com\'.', 'System', NULL),
	('ddjjanel@yahoo.com', '2026-06-20 00:03:48', 'Stopped impersonation', '68.2.142.48', 'rsimon stopped impersonating. Reverted back from \'ddjjanel@yahoo.com\'.', 'System', 'rsimon'),
	('rsimon', '2026-06-20 01:39:56', 'Clocked out', '68.2.142.48', 'Artist clocked out.', 'System', NULL),
	('saikak', '2026-06-20 12:54:23', 'Clocked out', '45.86.208.162', 'Artist clocked out.', 'System', NULL),
	('rsimon', '2026-06-20 17:19:25', 'Clocked in', '68.2.142.48', 'Artist clocked in.', 'System', NULL);

-- Dumping structure for table simeckdb.projects
CREATE TABLE IF NOT EXISTS `projects` (
  `pid` varchar(5) DEFAULT NULL,
  `project_name` varchar(50) DEFAULT NULL,
  `active` int(11) DEFAULT 1 COMMENT 'Inactive projects need to be zipped',
  `active_path` varchar(200) DEFAULT NULL COMMENT 'from site root',
  `inactive_zip_path` varchar(200) DEFAULT NULL,
  `transitioning` int(11) DEFAULT 0,
  `type` varchar(10) DEFAULT NULL COMMENT 'internal or client',
  `description` varchar(500) DEFAULT NULL COMMENT 'A short project description',
  `leader` varchar(20) DEFAULT '',
  `size_on_disk` bigint(50) unsigned DEFAULT NULL
) ENGINE=InnoDB DEFAULT CHARSET=utf8mb4 COLLATE=utf8mb4_0900_ai_ci;

-- Dumping data for table simeckdb.projects: ~9 rows (approximately)
INSERT IGNORE INTO `projects` (`pid`, `project_name`, `active`, `active_path`, `inactive_zip_path`, `transitioning`, `type`, `description`, `leader`, `size_on_disk`) VALUES
	('P00', 'Shaolin Monk', 0, '/files/Projects/internal/P00_ShaolinMonk', '/files/Projects/internal/archive/P00_ShaolinMonk.zip', 0, 'internal', 'Simeck\'s first project.', 'rsimon', 0),
	('P01', 'C City', 1, '/files/Projects/internal/P01_C City', '/files/Projects/internal/archive/P01_CCity.zip', 0, 'internal', 'A tragic tale set in a dying world.', 'rsimon', 0),
	('C01', 'Set Sail', 1, '/files/Projects/clientProjects/C01_Set_Sail', '/files/Projects/clientProjects/archive/C01_Set_Sail.zip', 0, 'client', 'IAP Project #1', 'client', 1738395),
	('C02', 'The Bells in Lilak', 1, '/files/Projects/clientProjects/C02_The_Bells_In_Lilak', '/files/Projects/clientProjects/archive/C02_The_Bells_In_Lilak.zip', 0, 'client', 'IAP Project #2', 'client', 91786585),
	('P17', 'Zoodia', 0, '/files/Projects/internal/P17_Zoodia', '/files/Projects/internal/archive/P17_Zoodia.zip', 0, 'internal', 'Simeck\'s first game dev project.', 'mrose', 0),
	('P18', 'Fat Butters Jetpack Ride', 1, '/files/Projects/internal/P18_FatButtersJetpackRide', '/files/Projects/internal/archive/P18_FatButtersJetpackRide.zip', 0, 'internal', 'BUTTERS!', 'rsimon', 77215264391),
	('P19', 'Spite Castle', 1, '/files/Projects/internal/P19_SpiteCastle', '/files/Projects/internal/archive/P19_SpiteCastle.zip', 0, 'internal', 'THE DUKE!', 'mrose', 0),
	('P03', 'Monster Mall', 1, '/files/Projects/internal/P03_Monster_Mall', '/files/Projects/internal/archive/P03_Monster_Mall.zip', 0, 'internal', 'MONSTERS!!', 'cmineck', 7207417217),
	('C03', 'Vega Fathers Day Print', 1, '/files/Projects/clientProjects/C03_Vega_Fathers_Day_Print', '/files/Projects/clientProjects/archive/C03_VegaFathersDayPrint.zip', 0, 'client', '', 'ddjjanel@yahoo.com', 185478764);

-- Dumping structure for table simeckdb.shortlinks
CREATE TABLE IF NOT EXISTS `shortlinks` (
  `id` bigint(20) NOT NULL AUTO_INCREMENT,
  `download_token` varchar(400) DEFAULT NULL,
  `expiry` datetime NOT NULL,
  `download_count` bigint(20) NOT NULL DEFAULT 0,
  KEY `id` (`id`)
) ENGINE=InnoDB DEFAULT CHARSET=utf8mb4 COLLATE=utf8mb4_0900_ai_ci;

-- Dumping data for table simeckdb.shortlinks: ~0 rows (approximately)

-- Dumping structure for table simeckdb.timeclockshifts
CREATE TABLE IF NOT EXISTS `timeclockshifts` (
  `user` varchar(50) DEFAULT NULL,
  `shift_id` int(10) unsigned NOT NULL AUTO_INCREMENT,
  `time_in` datetime DEFAULT NULL,
  `time_out` datetime DEFAULT NULL,
  KEY `shift_id` (`shift_id`)
) ENGINE=InnoDB AUTO_INCREMENT=79 DEFAULT CHARSET=utf8mb4 COLLATE=utf8mb4_0900_ai_ci;

-- Dumping data for table simeckdb.timeclockshifts: ~73 rows (approximately)
INSERT IGNORE INTO `timeclockshifts` (`user`, `shift_id`, `time_in`, `time_out`) VALUES
	('rsimon', 1, '2026-05-18 21:29:22', '2026-05-18 21:35:52'),
	('rsimon', 3, '2026-05-19 04:47:32', '2026-05-19 04:47:43'),
	('rsimon', 4, '2026-05-24 04:03:54', '2026-05-24 04:09:04'),
	('rsimon', 5, '2026-05-24 15:59:32', '2026-05-24 16:53:50'),
	('rsimon', 6, '2026-05-24 19:58:03', '2026-05-24 20:58:22'),
	('rsimon', 7, '2026-05-24 21:49:58', '2026-05-24 22:55:46'),
	('jmartin', 8, '2026-05-24 22:38:34', '2026-05-25 04:18:40'),
	('rsimon', 9, '2026-05-25 15:43:45', '2026-05-25 17:21:17'),
	('rsimon', 10, '2026-05-26 00:55:36', '2026-05-26 05:12:21'),
	('rsimon', 11, '2026-05-26 14:46:38', '2026-05-26 16:55:46'),
	('rsimon', 12, '2026-05-26 18:52:40', '2026-05-26 18:55:17'),
	('rsimon', 13, '2026-05-26 19:15:18', '2026-05-26 19:41:29'),
	('rsimon', 14, '2026-05-26 19:48:34', '2026-05-27 00:34:03'),
	('mfeng', 15, '2026-05-26 20:21:45', '2026-05-27 06:06:42'),
	('saikak', 16, '2026-05-26 23:39:08', '2026-05-27 06:08:09'),
	('rsimon', 17, '2026-05-27 04:09:24', '2026-05-27 04:15:47'),
	('rsimon', 18, '2026-05-27 14:51:38', '2026-05-27 17:06:54'),
	('rsimon', 20, '2026-05-28 00:12:36', '2026-05-28 01:19:48'),
	('rsimon', 21, '2026-05-28 15:00:22', '2026-05-29 02:08:50'),
	('saikak', 22, '2026-05-29 15:25:19', '2026-05-30 01:08:36'),
	('jmartin', 23, '2026-05-29 15:31:01', '2026-05-29 18:50:35'),
	('rsimon', 24, '2026-05-29 18:09:19', '2026-05-29 19:34:46'),
	('rsimon', 25, '2026-05-29 21:04:12', '2026-05-30 00:26:35'),
	('jmartin', 26, '2026-05-30 13:49:49', '2026-05-30 20:05:51'),
	('rsimon', 27, '2026-05-30 20:33:23', '2026-05-30 20:54:32'),
	('rsimon', 28, '2026-05-30 21:11:35', '2026-05-30 23:07:42'),
	('mfeng', 29, '2026-05-31 03:03:49', '2026-05-31 03:46:06'),
	('jmartin', 30, '2026-05-31 14:00:38', '2026-05-31 20:07:22'),
	('rsimon', 31, '2026-06-01 17:10:50', '2026-06-01 19:50:45'),
	('rsimon', 32, '2026-06-01 21:29:31', '2026-06-01 22:36:43'),
	('rsimon', 33, '2026-06-02 17:14:34', '2026-06-02 19:39:56'),
	('saikak', 34, '2026-06-02 17:27:33', '2026-06-02 20:27:57'),
	('rsimon', 35, '2026-06-02 20:51:45', '2026-06-03 00:13:00'),
	('rsimon', 36, '2026-06-03 11:10:44', '2026-06-03 13:00:24'),
	('rsimon', 37, '2026-06-03 15:36:47', '2026-06-03 18:05:50'),
	('rsimon', 38, '2026-06-04 08:56:01', '2026-06-04 20:38:47'),
	('rszymanski', 39, '2026-06-04 20:43:21', '2026-06-04 20:56:38'),
	('rszymanski', 40, '2026-06-04 20:56:49', '2026-06-04 21:15:58'),
	('rszymanski', 41, '2026-06-04 21:19:26', '2026-06-04 21:55:24'),
	('rszymanski', 42, '2026-06-05 10:13:09', '2026-06-05 11:05:37'),
	('rsimon', 43, '2026-06-05 11:07:30', '2026-06-05 15:31:00'),
	('rszymanski', 44, '2026-06-05 12:13:04', '2026-06-05 14:15:31'),
	('saikak', 45, '2026-06-08 05:33:17', '2026-06-09 00:08:40'),
	('dengland', 46, '2026-06-08 08:01:33', '2026-06-08 09:04:26'),
	('bwilliams', 47, '2026-06-08 10:47:00', '2026-06-08 11:12:47'),
	('bwilliams', 48, '2026-06-08 13:45:56', '2026-06-08 16:35:02'),
	('jmartin', 49, '2026-06-08 14:50:01', '2026-06-08 17:48:26'),
	('rsimon', 50, '2026-06-08 15:15:50', '2026-06-08 17:15:54'),
	('mfeng', 51, '2026-06-09 00:08:53', '2026-06-09 05:08:39'),
	('bwilliams', 52, '2026-06-09 08:00:11', '2026-06-09 10:10:01'),
	('jmartin', 53, '2026-06-09 10:16:46', '2026-06-09 13:39:34'),
	('bwilliams', 54, '2026-06-09 10:57:41', '2026-06-09 14:14:02'),
	('rsimon', 55, '2026-06-10 08:41:24', '2026-06-10 10:24:19'),
	('rsimon', 56, '2026-06-10 10:33:53', '2026-06-10 14:07:37'),
	('mfeng', 57, '2026-06-10 11:13:49', '2026-06-10 13:35:42'),
	('jmartin', 58, '2026-06-10 11:45:13', '2026-06-10 14:44:18'),
	('mfeng', 59, '2026-06-11 07:20:17', '2026-06-11 09:16:44'),
	('bwilliams', 60, '2026-06-11 10:00:15', '2026-06-11 17:54:42'),
	('rsimon', 61, '2026-06-11 10:04:56', '2026-06-11 15:04:02'),
	('jmartin', 62, '2026-06-11 13:07:55', '2026-06-11 16:49:28'),
	('rsimon', 63, '2026-06-12 09:20:46', '2026-06-12 17:00:00'),
	('jmartin', 64, '2026-06-12 10:59:55', '2026-06-12 15:45:27'),
	('rsimon', 65, '2026-06-13 09:37:43', '2026-06-13 17:30:18'),
	('jmartin', 66, '2026-06-13 11:14:17', '2026-06-13 13:47:00'),
	('rsimon', 68, '2026-06-14 09:17:55', '2026-06-14 11:40:00'),
	('jmartin', 69, '2026-06-15 14:06:41', '2026-06-15 16:13:24'),
	('mfeng', 70, '2026-06-16 01:06:49', '2026-06-16 05:18:52'),
	('mfeng', 71, '2026-06-17 08:37:55', '2026-06-17 22:33:36'),
	('jmartin', 72, '2026-06-17 12:09:44', '2026-06-17 16:27:32'),
	('saikak', 74, '2026-06-18 05:40:02', '2026-06-18 12:21:11'),
	('rsimon', 75, '2026-06-18 11:04:16', '2026-06-18 18:49:11'),
	('saikak', 76, '2026-06-19 03:08:40', '2026-06-20 05:54:23'),
	('rsimon', 77, '2026-06-19 09:51:48', '2026-06-19 18:39:56'),
	('rsimon', 78, '2026-06-20 10:19:25', NULL);

/*!40103 SET TIME_ZONE=IFNULL(@OLD_TIME_ZONE, 'system') */;
/*!40101 SET SQL_MODE=IFNULL(@OLD_SQL_MODE, '') */;
/*!40014 SET FOREIGN_KEY_CHECKS=IFNULL(@OLD_FOREIGN_KEY_CHECKS, 1) */;
/*!40101 SET CHARACTER_SET_CLIENT=@OLD_CHARACTER_SET_CLIENT */;
/*!40111 SET SQL_NOTES=IFNULL(@OLD_SQL_NOTES, 1) */;
